ts_code,name
605088.SH,冠盛股份
601872.SH,招商轮船
600809.SH,山西汾酒
002333.SZ,罗普斯金
001300.SZ,三柏硕
000629.SZ,钒钛股份
000591.SZ,太阳能
600503.SH,华丽家族
600884.SH,杉杉股份
600741.SH,华域汽车
000509.SZ,华塑控股
002226.SZ,江南化工
601106.SH,中国一重
000826.SZ,启迪环境
002383.SZ,合众思壮
002860.SZ,星帅尔
000892.SZ,欢瑞世纪
001256.SZ,炜冈科技
603197.SH,保隆科技
600062.SH,华润双鹤
002911.SZ,佛燃能源
000969.SZ,安泰科技
000818.SZ,航锦科技
603308.SH,应流股份
000683.SZ,博源化工
603085.SH,天成自控
000782.SZ,恒申新材
002184.SZ,海得控制
601011.SH,宝泰隆
603890.SH,春秋电子
603882.SH,金域医学
002825.SZ,纳尔股份
603039.SH,泛微网络
002998.SZ,优彩资源
603967.SH,中创物流
002786.SZ,银宝山新
000875.SZ,吉电股份
000551.SZ,创元科技
002886.SZ,沃特股份
601995.SH,中金公司
600048.SH,保利发展
002419.SZ,天虹股份
002228.SZ,合兴包装
002533.SZ,金杯电工
603808.SH,歌力思
600478.SH,科力远
603829.SH,洛凯股份
600848.SH,上海临港
002055.SZ,得润电子
600925.SH,苏能股份
003031.SZ,中瓷电子
002612.SZ,朗姿股份
600657.SH,信达地产
601827.SH,三峰环境
002608.SZ,江苏国信
002286.SZ,保龄宝
600019.SH,宝钢股份
600272.SH,开开实业
600939.SH,重庆建工
002457.SZ,青龙管业
603897.SH,长城科技
605337.SH,李子园
002536.SZ,飞龙股份
601186.SH,中国铁建
000755.SZ,山西高速
600742.SH,富维股份
603686.SH,福龙马
000557.SZ,西部创业
600512.SH,腾达建设
600257.SH,大湖股份
601390.SH,中国中铁
603639.SH,海利尔
603176.SH,汇通集团
002864.SZ,盘龙药业
600509.SH,天富能源
605588.SH,冠石科技
600674.SH,川投能源
603909.SH,建发合诚
000725.SZ,京东方A
603122.SH,合富中国
603232.SH,格尔软件
000680.SZ,山推股份
002081.SZ,金螳螂
002461.SZ,珠江啤酒
002354.SZ,天娱数科
600592.SH,龙溪股份
600182.SH,S佳通
605566.SH,福莱蒽特
002925.SZ,盈趣科技
600161.SH,天坛生物
002917.SZ,金奥博
002884.SZ,凌霄泵业
000521.SZ,长虹美菱
001311.SZ,多利科技
605377.SH,华旺科技
002660.SZ,茂硕电源
002420.SZ,毅昌科技
000014.SZ,沙河股份
002452.SZ,长高电新
002206.SZ,海利得
603065.SH,宿迁联盛
002676.SZ,顺威股份
603677.SH,奇精机械
001201.SZ,东瑞股份
002045.SZ,国光电器
000617.SZ,中油资本
002274.SZ,华昌化工
603995.SH,甬金股份
600959.SH,江苏有线
603167.SH,渤海轮渡
000791.SZ,甘肃能源
002851.SZ,麦格米特
002125.SZ,湘潭电化
601877.SH,正泰电器
002320.SZ,海峡股份
601992.SH,金隅集团
600227.SH,赤天化
000166.SZ,申万宏源
603680.SH,今创集团
603839.SH,安正时尚
603020.SH,爱普股份
600325.SH,华发股份
600310.SH,广西能源
603276.SH,恒兴新材
601717.SH,中创智领
600583.SH,海油工程
600744.SH,华银电力
603301.SH,振德医疗
600502.SH,安徽建工
000558.SZ,天府文旅
600373.SH,中文传媒
002696.SZ,百洋股份
002415.SZ,海康威视
600595.SH,中孚实业
002486.SZ,嘉麟杰
603773.SH,沃格光电
002232.SZ,启明信息
002392.SZ,北京利尔
601198.SH,东兴证券
603099.SH,长白山
603008.SH,喜临门
600734.SH,实达集团
002327.SZ,富安娜
600155.SH,华创云信
002444.SZ,巨星科技
603931.SH,格林达
002438.SZ,江苏神通
002481.SZ,双塔食品
601890.SH,亚星锚链
000620.SZ,盈新发展
600335.SH,国机汽车
002899.SZ,英派斯
601700.SH,风范股份
600075.SH,新疆天业
600755.SH,厦门国贸
600888.SH,新疆众和
605507.SH,国邦医药
002455.SZ,百川股份
001389.SZ,广合科技
001227.SZ,兰州银行
605336.SH,帅丰电器
002474.SZ,榕基软件
002448.SZ,中原内配
002701.SZ,奥瑞金
000563.SZ,陕国投A
002712.SZ,思美传媒
002824.SZ,和胜股份
002229.SZ,鸿博股份
603989.SH,艾华集团
002671.SZ,龙泉股份
000757.SZ,浩物股份
002368.SZ,太极股份
002476.SZ,宝莫股份
002160.SZ,常铝股份
600379.SH,宝光股份
601966.SH,玲珑轮胎
001228.SZ,永泰运
002802.SZ,洪汇新材
601600.SH,中国铝业
603080.SH,新疆火炬
603599.SH,广信股份
600630.SH,龙头股份
600987.SH,航民股份
001301.SZ,尚太科技
600703.SH,三安光电
603260.SH,合盛硅业
000789.SZ,万年青
000631.SZ,顺发恒能
603115.SH,海星股份
002023.SZ,海特高新
002541.SZ,鸿路钢构
002734.SZ,利民股份
603057.SH,紫燕食品
600410.SH,华胜天成
605009.SH,豪悦护理
000921.SZ,海信家电
600833.SH,第一医药
002922.SZ,伊戈尔
002831.SZ,裕同科技
603978.SH,深圳新星
600958.SH,东方证券
600666.SH,奥瑞德
603255.SH,鼎际得
600519.SH,贵州茅台
600602.SH,云赛智联
002902.SZ,铭普光磁
002458.SZ,益生股份
002403.SZ,爱仕达
002084.SZ,海鸥住工
000822.SZ,山东海化
601900.SH,南方传媒
002183.SZ,怡亚通
603026.SH,石大胜华
002363.SZ,隆基机械
600872.SH,中炬高新
002735.SZ,王子新材
600560.SH,金自天正
002623.SZ,亚玛顿
600605.SH,汇通能源
600719.SH,大连热电
603980.SH,吉华集团
600339.SH,中油工程
600223.SH,福瑞达
000852.SZ,石化机械
603259.SH,药明康德
600642.SH,申能股份
000955.SZ,欣龙控股
603172.SH,万丰股份
600061.SH,国投资本
002170.SZ,芭田股份
603163.SH,圣晖集成
603982.SH,泉峰汽车
600178.SH,东安动力
002192.SZ,融捷股份
000928.SZ,中钢国际
002053.SZ,云南能投
600089.SH,特变电工
600971.SH,恒源煤电
603810.SH,丰山集团
605388.SH,均瑶健康
002281.SZ,光迅科技
600106.SH,重庆路桥
605111.SH,新洁能
002907.SZ,华森制药
001309.SZ,德明利
000737.SZ,北方铜业
002240.SZ,盛新锂能
603927.SH,中科软
603159.SH,上海亚虹
600323.SH,瀚蓝环境
601033.SH,永兴股份
000547.SZ,航天发展
600497.SH,驰宏锌锗
603096.SH,新经典
002010.SZ,传化智联
600877.SH,电科芯片
002046.SZ,国机精工
601108.SH,财通证券
603638.SH,艾迪精密
003008.SZ,开普检测
600805.SH,悦达投资
603168.SH,莎普爱思
605222.SH,起帆电缆
601138.SH,工业富联
002916.SZ,深南电路
002953.SZ,日丰股份
002741.SZ,光华科技
000153.SZ,丰原药业
002422.SZ,科伦药业
603993.SH,洛阳钼业
603896.SH,寿仙谷
000828.SZ,东莞控股
600743.SH,华远控股
002331.SZ,皖通科技
000536.SZ,华映科技
003012.SZ,东鹏控股
600125.SH,铁龙物流
600986.SH,浙文互联
603586.SH,金麒麟
605186.SH,健麾信息
603069.SH,海汽集团
603518.SH,锦泓集团
603936.SH,博敏电子
600251.SH,冠农股份
002051.SZ,中工国际
600716.SH,凤凰股份
600025.SH,华能水电
603533.SH,掌阅科技
603230.SH,内蒙新华
001226.SZ,拓山重工
002110.SZ,三钢闽光
002039.SZ,黔源电力
600371.SH,万向德农
002283.SZ,天润工业
600113.SH,浙江东日
601061.SH,中信金属
002584.SZ,西陇科学
603321.SH,梅轮电梯
001380.SZ,华纬科技
002963.SZ,豪尔赛
601882.SH,海天精工
001965.SZ,招商公路
603025.SH,大豪科技
605369.SH,拱东医疗
002250.SZ,联化科技
603588.SH,高能环境
600460.SH,士兰微
600370.SH,三房巷
002376.SZ,新北洋
000720.SZ,新能泰山
603270.SH,金帝股份
603976.SH,正川股份
601333.SH,广深铁路
603598.SH,引力传媒
603912.SH,佳力图
603779.SH,威龙股份
600881.SH,亚泰集团
603106.SH,恒银科技
605488.SH,福莱新材
603266.SH,天龙股份
603193.SH,润本股份
002186.SZ,全聚德
601038.SH,一拖股份
603727.SH,博迈科
002035.SZ,华帝股份
600612.SH,老凤祥
603488.SH,展鹏科技
002956.SZ,西麦食品
002562.SZ,兄弟科技
601022.SH,宁波远洋
601233.SH,桐昆股份
600817.SH,宇通重工
603477.SH,巨星农牧
002752.SZ,昇兴股份
002322.SZ,理工能科
603333.SH,尚纬股份
601789.SH,宁波建工
600545.SH,卓郎智能
002580.SZ,圣阳股份
603165.SH,荣晟环保
002642.SZ,荣联科技
002395.SZ,双象股份
603059.SH,倍加洁
002215.SZ,诺普信
601236.SH,红塔证券
002031.SZ,巨轮智能
605033.SH,美邦股份
002755.SZ,奥赛康
603002.SH,宏昌电子
600505.SH,西昌电力
002037.SZ,保利联合
601010.SH,文峰股份
001278.SZ,一彬科技
002326.SZ,永太科技
601611.SH,中国核建
002299.SZ,圣农发展
002178.SZ,延华智能
002131.SZ,利欧股份
603256.SH,宏和科技
603507.SH,振江股份
002357.SZ,富临运业
600865.SH,百大集团
600383.SH,金地集团
600977.SH,中国电影
601799.SH,星宇股份
600981.SH,苏豪汇鸿
601688.SH,华泰证券
000729.SZ,燕京啤酒
600094.SH,大名城
000709.SZ,河钢股份
601016.SH,节能风电
002803.SZ,吉宏股份
600052.SH,东望时代
603180.SH,金牌家居
002460.SZ,赣锋锂业
002959.SZ,小熊电器
600133.SH,东湖高新
000632.SZ,三木集团
603191.SH,望变电气
002027.SZ,分众传媒
603136.SH,天目湖
600713.SH,南京医药
002795.SZ,永和智控
600419.SH,天润乳业
002346.SZ,柘中股份
600640.SH,国脉文化
002109.SZ,兴化股份
601828.SH,美凯龙
002912.SZ,中新赛克
002605.SZ,姚记科技
601100.SH,恒立液压
603066.SH,音飞储存
600770.SH,综艺股份
002673.SZ,西部证券
001316.SZ,润贝航科
603990.SH,麦迪科技
603868.SH,飞科电器
603102.SH,百合股份
603759.SH,海天股份
002382.SZ,蓝帆医疗
603280.SH,南方路机
601825.SH,沪农商行
605116.SH,奥锐特
000898.SZ,鞍钢股份
002202.SZ,金风科技
601698.SH,中国卫通
601595.SH,上海电影
600027.SH,华电国际
002575.SZ,群兴玩具
603668.SH,天马科技
605183.SH,确成股份
002270.SZ,华明装备
603326.SH,我乐家居
002629.SZ,仁智股份
600985.SH,淮北矿业
600081.SH,东风科技
600269.SH,赣粤高速
601218.SH,吉鑫科技
603933.SH,睿能科技
603739.SH,蔚蓝生物
603822.SH,嘉澳环保
600085.SH,同仁堂
002397.SZ,梦洁股份
001324.SZ,长青科技
002431.SZ,棕榈股份
605086.SH,龙高股份
605058.SH,澳弘电子
001379.SZ,腾达科技
603328.SH,依顿电子
603578.SH,三星新材
000710.SZ,贝瑞基因
603836.SH,海程邦达
600390.SH,五矿资本
600802.SH,福建水泥
600037.SH,歌华有线
603506.SH,南都物业
603060.SH,国检集团
000850.SZ,华茂股份
002400.SZ,省广集团
002406.SZ,远东传动
603289.SH,泰瑞机器
002500.SZ,山西证券
603768.SH,常青股份
000885.SZ,城发环境
001319.SZ,铭科精技
600353.SH,旭光电子
000990.SZ,诚志股份
601162.SH,天风证券
002745.SZ,木林森
603183.SH,建研院
000529.SZ,广弘控股
601898.SH,中煤能源
600860.SH,京城股份
000049.SZ,德赛电池
601177.SH,杭齿前进
601512.SH,中新集团
000020.SZ,深华发A
002412.SZ,汉森制药
600618.SH,氯碱化工
002189.SZ,中光学
600340.SH,华夏幸福
002583.SZ,海能达
601128.SH,常熟银行
600660.SH,福耀玻璃
601598.SH,中国外运
002144.SZ,宏达高科
603004.SH,鼎龙科技
601111.SH,中国国航
002150.SZ,通润装备
000528.SZ,柳工
002345.SZ,潮宏基
001333.SZ,光华股份
002188.SZ,中天服务
000672.SZ,上峰水泥
002558.SZ,巨人网络
002935.SZ,天奥电子
600456.SH,宝钛股份
603733.SH,仙鹤股份
600778.SH,友好集团
001299.SZ,美能能源
600369.SH,西南证券
601328.SH,交通银行
600765.SH,中航重机
603358.SH,华达科技
603871.SH,嘉友国际
600698.SH,湖南天雁
002268.SZ,电科网安
002957.SZ,科瑞技术
600033.SH,福建高速
002895.SZ,川恒股份
600105.SH,永鼎股份
002819.SZ,东方中科
002549.SZ,凯美特气
002651.SZ,利君股份
000880.SZ,潍柴重机
603558.SH,健盛集团
603722.SH,阿科力
002348.SZ,高乐股份
000952.SZ,广济药业
000838.SZ,财信发展
000061.SZ,农产品
000534.SZ,万泽股份
001282.SZ,三联锻造
600211.SH,西藏药业
600976.SH,健民集团
603192.SH,汇得科技
000513.SZ,丽珠集团
003007.SZ,直真科技
600587.SH,新华医疗
002975.SZ,博杰股份
002631.SZ,德尔未来
002495.SZ,佳隆股份
600267.SH,海正药业
000802.SZ,北京文化
002990.SZ,盛视科技
002290.SZ,禾盛新材
603000.SH,人民网
601021.SH,春秋航空
600639.SH,浦东金桥
002302.SZ,西部建设
603809.SH,豪能股份
601117.SH,中国化学
002475.SZ,立讯精密
001313.SZ,粤海饲料
002729.SZ,好利科技
603368.SH,柳药集团
600197.SH,伊力特
603977.SH,国泰集团
002493.SZ,荣盛石化
600157.SH,永泰能源
001378.SZ,德冠新材
002434.SZ,万里扬
002129.SZ,TCL中环
002747.SZ,埃斯顿
603590.SH,康辰药业
603658.SH,安图生物
603515.SH,欧普照明
002687.SZ,乔治白
603738.SH,泰晶科技
600149.SH,廊坊发展
000610.SZ,西安旅游
003816.SZ,中国广核
002223.SZ,鱼跃医疗
603678.SH,火炬电子
600578.SH,京能电力
002705.SZ,新宝股份
601928.SH,凤凰传媒
605179.SH,一鸣食品
002021.SZ,中捷资源
002152.SZ,广电运通
000090.SZ,天健集团
600783.SH,鲁信创投
600028.SH,中国石化
603121.SH,华培动力
601007.SH,金陵饭店
600050.SH,中国联通
002365.SZ,永安药业
002679.SZ,福建金森
002812.SZ,恩捷股份
601577.SH,长沙银行
001338.SZ,永顺泰
603269.SH,海鸥股份
601008.SH,连云港
603117.SH,万林物流
002117.SZ,东港股份
000031.SZ,大悦城
600594.SH,益佰制药
603665.SH,康隆达
601225.SH,陕西煤业
603619.SH,中曼石油
002020.SZ,京新药业
600784.SH,鲁银投资
600000.SH,浦发银行
002908.SZ,德生科技
000792.SZ,盐湖股份
600635.SH,大众公用
603816.SH,顾家家居
002793.SZ,罗欣药业
002132.SZ,恒星科技
002119.SZ,康强电子
000410.SZ,沈阳机床
605599.SH,菜百股份
002036.SZ,联创电子
002209.SZ,达意隆
600186.SH,莲花控股
601677.SH,明泰铝业
001230.SZ,劲旅环境
002511.SZ,中顺洁柔
600895.SH,张江高科
600567.SH,山鹰国际
002096.SZ,易普力
002601.SZ,龙佰集团
600727.SH,鲁北化工
000564.SZ,供销大集
002445.SZ,中南文化
605598.SH,上海港湾
605365.SH,立达信
600066.SH,宇通客车
600810.SH,神马股份
002421.SZ,达实智能
601006.SH,大秦铁路
601231.SH,环旭电子
002887.SZ,绿茵生态
603075.SH,热威股份
603444.SH,吉比特
600088.SH,中视传媒
002194.SZ,武汉凡谷
600433.SH,冠豪高新
600769.SH,祥龙电业
001286.SZ,陕西能源
002827.SZ,高争民爆
605055.SH,迎丰股份
000715.SZ,中兴商业
001296.SZ,长江材料
002797.SZ,第一创业
600080.SH,金花股份
000882.SZ,华联股份
002616.SZ,长青集团
600006.SH,东风股份
002364.SZ,中恒电气
600469.SH,风神股份
002056.SZ,横店东磁
603365.SH,水星家纺
002042.SZ,华孚时尚
000677.SZ,恒天海龙
000692.SZ,惠天热电
002258.SZ,利尔化学
000036.SZ,华联控股
603983.SH,丸美生物
600212.SH,绿能慧充
600589.SH,大位科技
603960.SH,克来机电
600993.SH,马应龙
601019.SH,山东出版
605366.SH,宏柏新材
603799.SH,华友钴业
603061.SH,金海通
601068.SH,中铝国际
603612.SH,索通发展
002930.SZ,宏川智慧
002033.SZ,丽江股份
603258.SH,电魂网络
603601.SH,再升科技
600850.SH,电科数字
600397.SH,江钨装备
000589.SZ,贵州轮胎
600529.SH,山东药玻
601606.SH,长城军工
600330.SH,天通股份
000550.SZ,江铃汽车
600926.SH,杭州银行
002731.SZ,萃华珠宝
603208.SH,江山欧派
600619.SH,海立股份
002154.SZ,报喜鸟
003016.SZ,欣贺股份
002442.SZ,龙星科技
002929.SZ,润建股份
603917.SH,合力科技
000050.SZ,深天马A
002624.SZ,完美世界
600538.SH,国发股份
600329.SH,达仁堂
002638.SZ,勤上股份
603312.SH,西典新能
000876.SZ,新希望
600127.SH,金健米业
002398.SZ,垒知集团
000797.SZ,中国武夷
600558.SH,大西洋
002017.SZ,东信和平
600724.SH,宁波富达
600760.SH,中航沈飞
601116.SH,三江购物
002799.SZ,环球印务
002317.SZ,众生药业
601599.SH,浙文影业
600409.SH,三友化工
603098.SH,森特股份
601838.SH,成都银行
601689.SH,拓普集团
002342.SZ,巨力索具
002840.SZ,华统股份
603373.SH,安邦护卫
600782.SH,新钢股份
601608.SH,中信重工
002863.SZ,今飞凯达
605577.SH,龙版传媒
603788.SH,宁波高发
600879.SH,航天电子
603615.SH,茶花股份
000731.SZ,四川美丰
002443.SZ,金洲管道
600152.SH,维科技术
000975.SZ,山金国际
002318.SZ,久立特材
003036.SZ,泰坦股份
002402.SZ,和而泰
002992.SZ,宝明科技
002545.SZ,东方铁塔
002530.SZ,金财互联
600129.SH,太极集团
000869.SZ,张裕A
603335.SH,迪生力
603278.SH,大业股份
002585.SZ,双星新材
002517.SZ,恺英网络
600989.SH,宝丰能源
000713.SZ,国投丰乐
603929.SH,亚翔集成
000422.SZ,湖北宜化
605155.SH,西大门
002681.SZ,奋达科技
601628.SH,中国人寿
002678.SZ,珠江钢琴
600395.SH,盘江股份
603697.SH,有友食品
600549.SH,厦门钨业
002347.SZ,泰尔股份
000823.SZ,超声电子
002614.SZ,奥佳华
002390.SZ,信邦制药
603986.SH,兆易创新
000931.SZ,中关村
600031.SH,三一重工
603119.SH,浙江荣泰
600795.SH,国电电力
002108.SZ,沧州明珠
600423.SH,柳化股份
600679.SH,上海凤凰
603679.SH,华体科技
603529.SH,爱玛科技
603408.SH,建霖家居
600611.SH,大众交通
001330.SZ,博纳影业
603022.SH,新通联
600710.SH,苏美达
000002.SZ,万科A
002519.SZ,银河电子
600398.SH,海澜之家
000001.SZ,平安银行
601866.SH,中远海发
600581.SH,八一钢铁
600217.SH,中再资环
002142.SZ,宁波银行
002396.SZ,星网锐捷
603429.SH,集友股份
603100.SH,川仪股份
002148.SZ,北纬科技
603005.SH,晶方科技
600749.SH,西藏旅游
002703.SZ,浙江世宝
002565.SZ,顺灏股份
000993.SZ,闽东电力
600444.SH,国机通用
603345.SH,安井食品
002219.SZ,新里程
002177.SZ,御银股份
600853.SH,龙建股份
000605.SZ,渤海股份
002792.SZ,通宇通讯
601860.SH,紫金银行
002361.SZ,神剑股份
600886.SH,国投电力
603110.SH,东方材料
002727.SZ,一心堂
603915.SH,国茂股份
600185.SH,珠免集团
002097.SZ,山河智能
600819.SH,耀皮玻璃
600458.SH,时代新材
002275.SZ,桂林三金
603013.SH,亚普股份
002843.SZ,泰嘉股份
603648.SH,畅联股份
600970.SH,中材国际
600887.SH,伊利股份
600312.SH,平高电气
002394.SZ,联发股份
000703.SZ,恒逸石化
002344.SZ,海宁皮城
600118.SH,中国卫星
600392.SH,盛和资源
600919.SH,江苏银行
600665.SH,天地源
001239.SZ,永达股份
000639.SZ,西王食品
601399.SH,国机重装
000756.SZ,新华制药
000665.SZ,湖北广电
000897.SZ,津滨发展
600071.SH,凤凰光学
000831.SZ,中国稀土
002101.SZ,广东鸿图
600016.SH,民生银行
000037.SZ,深南电A
603505.SH,金石资源
002658.SZ,雪迪龙
603052.SH,可川科技
002818.SZ,富森美
000056.SZ,皇庭国际
002796.SZ,世嘉科技
601065.SH,江盐集团
002625.SZ,光启技术
605169.SH,洪通燃气
600239.SH,云南城投
600315.SH,上海家化
603041.SH,美思德
002230.SZ,科大讯飞
605136.SH,丽人丽妆
002479.SZ,富春环保
002241.SZ,歌尔股份
000726.SZ,鲁泰A
600543.SH,莫高股份
002426.SZ,胜利精密
000999.SZ,华润三九
603633.SH,徕木股份
600491.SH,龙元建设
002303.SZ,美盈森
600834.SH,申通地铁
603090.SH,宏盛股份
002030.SZ,达安基因
600548.SH,深高速
002829.SZ,星网宇达
002928.SZ,华夏航空
600030.SH,中信证券
601858.SH,中国科传
603291.SH,联合水务
002893.SZ,京能热力
002451.SZ,摩恩电气
000911.SZ,广农糖业
600103.SH,青山纸业
603569.SH,长久物流
601956.SH,东贝集团
002702.SZ,海欣食品
002418.SZ,康盛股份
000060.SZ,中金岭南
002304.SZ,洋河股份
002769.SZ,普路通
600982.SH,宁波能源
000886.SZ,海南高速
002111.SZ,威海广泰
600775.SH,南京熊猫
601089.SH,福元医药
600537.SH,亿晶光电
002726.SZ,龙大美食
600391.SH,航发科技
002432.SZ,九安医疗
002040.SZ,南京港
002548.SZ,金新农
600276.SH,恒瑞医药
000751.SZ,锌业股份
603508.SH,思维列控
603179.SH,新泉股份
600825.SH,新华传媒
603187.SH,海容冷链
002408.SZ,齐翔腾达
002428.SZ,云南锗业
002865.SZ,钧达股份
002567.SZ,唐人神
600300.SH,维维股份
600610.SH,中毅达
002130.SZ,沃尔核材
605011.SH,杭州热电
002877.SZ,智能自控
000507.SZ,珠海港
000719.SZ,中原传媒
600184.SH,光电股份
002044.SZ,美年健康
603577.SH,汇金通
600352.SH,浙江龙盛
002869.SZ,金溢科技
600436.SH,片仔癀
002374.SZ,中锐股份
603018.SH,华设集团
002682.SZ,龙洲股份
002271.SZ,东方雨虹
000933.SZ,神火股份
603392.SH,万泰生物
000032.SZ,深桑达A
002842.SZ,翔鹭钨业
002012.SZ,凯恩股份
601369.SH,陕鼓动力
603718.SH,海利生物
000753.SZ,漳州发展
002181.SZ,粤传媒
601607.SH,上海医药
601949.SH,中国出版
603211.SH,晋拓股份
603215.SH,比依股份
601518.SH,吉林高速
002167.SZ,东方锆业
601788.SH,光大证券
603209.SH,兴通股份
605060.SH,联德股份
000915.SZ,华特达因
002389.SZ,航天彩虹
605050.SH,福然德
600988.SH,赤峰黄金
000738.SZ,航发控制
603565.SH,中谷物流
000759.SZ,中百集团
603009.SH,北特科技
605066.SH,天正电气
002478.SZ,常宝股份
000401.SZ,金隅冀东
603979.SH,金诚信
002882.SZ,金龙羽
000727.SZ,冠捷科技
003003.SZ,天元股份
002405.SZ,四维图新
603158.SH,腾龙股份
600763.SH,通策医疗
600363.SH,联创光电
600606.SH,绿地控股
603109.SH,神驰机电
000630.SZ,铜陵有色
002054.SZ,德美化工
603918.SH,金桥信息
601158.SH,重庆水务
002140.SZ,东华科技
600893.SH,航发动力
601990.SH,南京证券
603629.SH,利通电子
002830.SZ,名雕股份
002835.SZ,同为股份
000913.SZ,钱江摩托
002165.SZ,红宝丽
600160.SH,巨化股份
603112.SH,华翔股份
600941.SH,中国移动
002116.SZ,中国海诚
600644.SH,乐山电力
603369.SH,今世缘
600821.SH,金开新能
002126.SZ,银轮股份
002909.SZ,集泰股份
603393.SH,新天然气
002293.SZ,罗莱生活
002323.SZ,雅博股份
000815.SZ,美利云
600010.SH,包钢股份
600984.SH,建设机械
002218.SZ,拓日新能
600261.SH,阳光照明
603848.SH,好太太
601163.SH,三角轮胎
601126.SH,四方股份
605162.SH,新中港
002695.SZ,煌上煌
001306.SZ,夏厦精密
603626.SH,科森科技
002980.SZ,华盛昌
002694.SZ,顾地科技
002512.SZ,达华智能
002910.SZ,庄园牧场
600728.SH,佳都科技
001277.SZ,速达股份
002409.SZ,雅克科技
603275.SH,众辰科技
600815.SH,厦工股份
603045.SH,福达合金
600278.SH,东方创业
601899.SH,紫金矿业
002746.SZ,仙坛股份
603489.SH,八方股份
603087.SH,甘李药业
603214.SH,爱婴室
600838.SH,上海九百
603908.SH,牧高笛
002372.SZ,伟星新材
600249.SH,两面针
600318.SH,新力金融
600218.SH,全柴动力
600867.SH,通化东宝
600628.SH,新世界
603717.SH,天域生物
603611.SH,诺力股份
002487.SZ,大金重工
600115.SH,中国东航
002543.SZ,万和电气
600905.SH,三峡能源
603610.SH,麒盛科技
000702.SZ,正虹科技
603077.SH,和邦生物
002590.SZ,万安科技
002171.SZ,楚江新材
600372.SH,中航机载
002949.SZ,华阳国际
600794.SH,保税科技
601222.SH,林洋能源
002041.SZ,登海种业
600814.SH,杭州解百
002596.SZ,海南瑞泽
603906.SH,龙蟠科技
600722.SH,金牛化工
601968.SH,宝钢包装
002469.SZ,三维化学
603815.SH,交建股份
601009.SH,南京银行
002939.SZ,长城证券
600455.SH,博通股份
000733.SZ,振华科技
002649.SZ,博彦科技
001328.SZ,登康口腔
603201.SH,常润股份
600601.SH,方正科技
002195.SZ,岩山科技
601965.SH,中国汽研
600121.SH,郑州煤电
000520.SZ,凤凰航运
600808.SH,马钢股份
603300.SH,海南华铁
603273.SH,天元智能
000428.SZ,华天酒店
002918.SZ,蒙娜丽莎
003029.SZ,吉大正元
002637.SZ,赞宇科技
002373.SZ,千方科技
600230.SH,沧州大化
603666.SH,亿嘉和
600336.SH,澳柯玛
600751.SH,海航科技
002034.SZ,旺能环境
002067.SZ,景兴纸业
603919.SH,金徽酒
601939.SH,建设银行
601800.SH,中国交建
600221.SH,海航控股
002291.SZ,遥望科技
600801.SH,华新水泥
000159.SZ,国际实业
601216.SH,君正集团
603712.SH,七一二
000419.SZ,通程控股
002011.SZ,盾安环境
003021.SZ,兆威机电
002151.SZ,北斗星通
003043.SZ,华亚智能
601696.SH,中银证券
603630.SH,拉芳家化
600733.SH,北汽蓝谷
600367.SH,红星发展
600226.SH,亨通股份
002948.SZ,青岛银行
002919.SZ,名臣健康
603288.SH,海天味业
002537.SZ,海联金汇
605567.SH,春雪食品
600826.SH,兰生股份
600438.SH,通威股份
601718.SH,际华集团
600585.SH,海螺水泥
603097.SH,江苏华辰
600572.SH,康恩贝
600396.SH,华电辽能
603081.SH,大丰实业
600403.SH,大有能源
000063.SZ,中兴通讯
600283.SH,钱江水利
002079.SZ,苏州固锝
600586.SH,金晶科技
002632.SZ,道明光学
603520.SH,司太立
002026.SZ,山东威达
000811.SZ,冰轮环境
605228.SH,神通科技
603786.SH,科博达
003033.SZ,征和工业
600812.SH,华北制药
002591.SZ,恒大高新
600523.SH,贵航股份
002666.SZ,德联集团
002459.SZ,晶澳科技
600328.SH,中盐化工
002782.SZ,可立克
603236.SH,移远通信
605399.SH,晨光新材
002471.SZ,中超控股
001225.SZ,和泰机电
000948.SZ,南天信息
603878.SH,武进不锈
600203.SH,福日电子
603583.SH,捷昌驱动
002239.SZ,奥特佳
603028.SH,赛福天
605069.SH,正和生态
002524.SZ,光正眼科
001208.SZ,华菱线缆
002870.SZ,香山股份
600452.SH,涪陵电力
600380.SH,健康元
600108.SH,亚盛集团
002724.SZ,海洋王
603628.SH,清源股份
002574.SZ,明牌珠宝
603700.SH,宁水集团
000837.SZ,秦川机床
605368.SH,蓝天燃气
002758.SZ,浙农股份
600997.SH,开滦股份
002970.SZ,锐明技术
002677.SZ,浙江美大
000761.SZ,本钢板材
600827.SH,百联股份
600736.SH,苏州高新
002182.SZ,宝武镁业
600522.SH,中天科技
002981.SZ,朝阳科技
002216.SZ,三全食品
600389.SH,江山股份
603662.SH,柯力传感
000333.SZ,美的集团
002284.SZ,亚太股份
600377.SH,宁沪高速
002760.SZ,凤形股份
600761.SH,安徽合力
605288.SH,凯迪股份
002833.SZ,弘亚数控
002120.SZ,韵达股份
601668.SH,中国建筑
603585.SH,苏利股份
001696.SZ,宗申动力
000571.SZ,新大洲A
002966.SZ,苏州银行
000026.SZ,飞亚达
000420.SZ,吉林化纤
002915.SZ,中欣氟材
000045.SZ,深纺织A
603589.SH,口子窖
601988.SH,中国银行
603182.SH,嘉华股份
603279.SH,景津装备
605319.SH,无锡振华
600201.SH,生物股份
601778.SH,晶科科技
001368.SZ,通达创智
601168.SH,西部矿业
600667.SH,太极实业
605006.SH,山东玻纤
600246.SH,万通发展
002880.SZ,卫光生物
002873.SZ,新天药业
600629.SH,华建集团
002366.SZ,融发核电
600059.SH,古越龙山
002387.SZ,维信诺
603998.SH,方盛制药
600180.SH,瑞茂通
600714.SH,金瑞矿业
000555.SZ,神州信息
002164.SZ,宁波东力
605090.SH,九丰能源
603017.SH,中衡设计
600961.SH,株冶集团
603486.SH,科沃斯
600927.SH,永安期货
002440.SZ,闰土股份
000795.SZ,英洛华
002091.SZ,江苏国泰
601952.SH,苏垦农发
003017.SZ,大洋生物
600562.SH,国睿科技
600973.SH,宝胜股份
601881.SH,中国银河
600855.SH,航天长峰
603818.SH,曲美家居
002927.SZ,泰永长征
002553.SZ,南方精工
601666.SH,平煤股份
603307.SH,扬州金泉
000552.SZ,甘肃能化
002245.SZ,蔚蓝锂芯
000652.SZ,泰达股份
600051.SH,宁波联合
600721.SH,百花医药
605089.SH,味知香
002371.SZ,北方华创
603511.SH,爱慕股份
002065.SZ,东华软件
603716.SH,塞力医疗
002719.SZ,麦趣尔
002015.SZ,协鑫能科
002491.SZ,通鼎互联
603188.SH,亚邦股份
002570.SZ,贝因美
603108.SH,润达医疗
002057.SZ,中钢天源
600779.SH,水井坊
000926.SZ,福星股份
601086.SH,国芳集团
600570.SH,恒生电子
603698.SH,航天工程
002149.SZ,西部材料
600056.SH,中国医药
001268.SZ,联合精密
000995.SZ,皇台酒业
002312.SZ,川发龙蟒
000565.SZ,渝三峡A
002763.SZ,汇洁股份
603137.SH,恒尚节能
600969.SH,郴电国际
000012.SZ,南玻A
002791.SZ,坚朗五金
002943.SZ,宇晶股份
600400.SH,红豆股份
600207.SH,安彩高科
603150.SH,万朗磁塑
600448.SH,华纺股份
002077.SZ,大港股份
603221.SH,爱丽家居
002609.SZ,捷顺科技
603237.SH,五芳斋
002897.SZ,意华股份
002338.SZ,奥普光电
000089.SZ,深圳机场
002048.SZ,宁波华翔
001229.SZ,魅视科技
002158.SZ,汉钟精机
603067.SH,振华股份
002173.SZ,创新医疗
002004.SZ,华邦健康
600613.SH,神奇制药
605259.SH,绿田机械
600750.SH,江中药业
002613.SZ,北玻股份
600858.SH,银座股份
600649.SH,城投控股
603383.SH,顶点软件
603095.SH,越剑智能
603696.SH,安记食品
600967.SH,内蒙一机
002707.SZ,众信旅游
603200.SH,上海洗霸
003006.SZ,百亚股份
600222.SH,太龙药业
600167.SH,联美控股
600116.SH,三峡水利
002883.SZ,中设股份
600531.SH,豫光金铅
002238.SZ,天威视讯
002663.SZ,普邦股份
601107.SH,四川成渝
600004.SH,白云机场
600475.SH,华光环能
600236.SH,桂冠电力
601568.SH,北元集团
002340.SZ,格林美
002467.SZ,二六三
603660.SH,苏州科达
000950.SZ,重药控股
002107.SZ,沃华医药
000533.SZ,顺钠股份
600138.SH,中青旅
600875.SH,东方电气
600616.SH,金枫酒业
600405.SH,动力源
001373.SZ,翔腾新材
600038.SH,中直股份
000650.SZ,仁和药业
603107.SH,上海汽配
601996.SH,丰林集团
600486.SH,扬农化工
600990.SH,四创电子
601229.SH,上海银行
000567.SZ,海德股份
605268.SH,王力安防
605298.SH,必得科技
002772.SZ,众兴菌业
600487.SH,亨通光电
603499.SH,翔港科技
002103.SZ,广博股份
605305.SH,中际联合
600510.SH,黑牡丹
002691.SZ,冀凯股份
601727.SH,上海电气
002988.SZ,豪美新材
002627.SZ,三峡旅游
600187.SH,国中水务
002728.SZ,特一药业
002205.SZ,国统股份
603303.SH,得邦照明
000066.SZ,中国长城
600479.SH,千金药业
002672.SZ,东江环保
603130.SH,云中马
603101.SH,汇嘉时代
603162.SH,海通发展
002683.SZ,广东宏大
603456.SH,九洲药业
600408.SH,安泰集团
600577.SH,精达股份
600143.SH,金发科技
003019.SZ,宸展光电
601155.SH,新城控股
002384.SZ,东山精密
601169.SH,北京银行
601801.SH,皖新传媒
000721.SZ,西安饮食
600489.SH,中金黄金
002858.SZ,力盛体育
603062.SH,麦加芯彩
601012.SH,隆基绿能
600023.SH,浙能电力
000007.SZ,全新好
002809.SZ,红墙股份
002295.SZ,精艺股份
002213.SZ,大为股份
603888.SH,新华网
001387.SZ,雪祺电气
002201.SZ,九鼎新材
600279.SH,重庆港
002001.SZ,新和成
603089.SH,正裕工业
600359.SH,新农开发
002203.SZ,海亮股份
002082.SZ,万邦德
600435.SH,北方导航
002006.SZ,精工科技
603051.SH,鹿山新材
603939.SH,益丰药房
601699.SH,潞安环能
003041.SZ,真爱美家
603676.SH,卫信康
002639.SZ,雪人集团
002588.SZ,史丹利
002561.SZ,徐家汇
603012.SH,创力集团
603966.SH,法兰泰克
603203.SH,快克智能
600169.SH,太原重工
603949.SH,雪龙集团
600731.SH,湖南海利
002244.SZ,滨江集团
601601.SH,中国太保
600338.SH,西藏珠峰
600797.SH,浙大网新
000025.SZ,特力A
603055.SH,台华新材
603527.SH,众源新材
002903.SZ,宇环数控
000951.SZ,中国重汽
002162.SZ,悦心健康
000912.SZ,泸天化
603650.SH,彤程新材
002965.SZ,祥鑫科技
002675.SZ,东诚药业
002774.SZ,快意电梯
600280.SH,中央商场
002098.SZ,浔兴股份
001207.SZ,联科科技
603701.SH,德宏股份
605277.SH,新亚电子
603207.SH,小方制药
600774.SH,汉商集团
601137.SH,博威合金
605376.SH,博迁新材
000901.SZ,航天科技
000429.SZ,粤高速A
002780.SZ,三夫户外
600780.SH,通宝能源
600241.SH,时代万恒
603282.SH,亚光股份
002266.SZ,浙富控股
603070.SH,万控智造
002985.SZ,北摩高科
002889.SZ,东方嘉盛
603636.SH,南威软件
605287.SH,德才股份
002806.SZ,华锋股份
002095.SZ,生意宝
002423.SZ,中粮资本
000848.SZ,承德露露
600271.SH,航天信息
000700.SZ,模塑科技
603682.SH,锦和商管
002074.SZ,国轩高科
601919.SH,中远海控
600690.SH,海尔智家
600851.SH,海欣股份
600141.SH,兴发集团
601678.SH,滨化股份
603681.SH,永冠新材
002852.SZ,道道全
000532.SZ,华金资本
601136.SH,首创证券
002324.SZ,普利特
000923.SZ,河钢资源
603706.SH,东方环宇
600917.SH,重庆燃气
002330.SZ,得利斯
603116.SH,红蜻蜓
000541.SZ,佛山照明
600183.SH,生益科技
001216.SZ,华瓷股份
603323.SH,苏农银行
600468.SH,百利电气
603073.SH,彩蝶实业
600499.SH,科达制造
600740.SH,山西焦化
601118.SH,海南橡胶
002246.SZ,北化股份
603817.SH,海峡环保
600017.SH,日照港
603367.SH,辰欣药业
002465.SZ,海格通信
601818.SH,光大银行
600965.SH,福成股份
001326.SZ,联域股份
603988.SH,中电电机
600162.SH,香江控股
002256.SZ,兆新股份
002262.SZ,恩华药业
002920.SZ,德赛西威
603290.SH,斯达半导
600975.SH,新五丰
000572.SZ,海马汽车
002757.SZ,南兴股份
603238.SH,诺邦股份
605168.SH,三人行
002771.SZ,真视通
000655.SZ,金岭矿业
600828.SH,茂业商业
002531.SZ,天顺风能
002933.SZ,新兴装备
603218.SH,日月股份
002439.SZ,启明星辰
001308.SZ,康冠科技
002823.SZ,凯中精密
600866.SH,星湖科技
603729.SH,龙韵股份
600179.SH,安通控股
000685.SZ,中山公用
002520.SZ,日发精机
000068.SZ,华控赛格
600717.SH,天津港
002709.SZ,天赐材料
002846.SZ,英联股份
002773.SZ,康弘药业
600654.SH,中安科
001318.SZ,阳光乳业
601566.SH,九牧王
600681.SH,百川能源
603138.SH,海量数据
002594.SZ,比亚迪
000816.SZ,智慧农业
002300.SZ,太阳电缆
600527.SH,江南高纤
002859.SZ,洁美科技
603970.SH,中农立华
002337.SZ,赛象科技
600620.SH,天宸股份
603350.SH,安乃达
002301.SZ,齐心集团
000967.SZ,盈峰环境
002841.SZ,视源股份
003027.SZ,同兴科技
600955.SH,维远股份
000017.SZ,深中华A
600864.SH,哈投股份
000718.SZ,苏宁环球
003038.SZ,鑫铂股份
001223.SZ,欧克科技
600980.SH,北矿科技
000863.SZ,三湘印象
600361.SH,创新新材
603861.SH,白云电器
600983.SH,惠而浦
002414.SZ,高德红外
002636.SZ,金安国纪
605080.SH,浙江自然
603353.SH,和顺石油
600712.SH,南宁百货
002190.SZ,成飞集成
603387.SH,基蛋生物
001359.SZ,平安电工
002945.SZ,华林证券
000028.SZ,国药一致
601528.SH,瑞丰银行
600758.SH,辽宁能源
001376.SZ,百通能源
000156.SZ,华数传媒
001331.SZ,胜通能源
605166.SH,聚合顺
600526.SH,菲达环保
601933.SH,永辉超市
002685.SZ,华东重机
000768.SZ,中航西飞
002967.SZ,广电计量
603992.SH,松霖科技
605358.SH,立昂微
603123.SH,翠微股份
002334.SZ,英威腾
603889.SH,新澳股份
002733.SZ,雄韬股份
000927.SZ,中国铁物
603778.SH,国晟科技
600707.SH,彩虹股份
000516.SZ,国际医学
600210.SH,紫江企业
002862.SZ,实丰文化
002335.SZ,科华数据
600678.SH,四川金顶
601368.SH,绿城水务
603239.SH,浙江仙通
000035.SZ,中国天楹
600117.SH,西宁特钢
603987.SH,康德莱
600481.SH,双良节能
000069.SZ,华侨城A
600754.SH,锦江酒店
600416.SH,湘电股份
600637.SH,东方明珠
002321.SZ,华英农业
002378.SZ,章源钨业
002073.SZ,软控股份
603726.SH,朗迪集团
600576.SH,祥源文旅
600422.SH,昆药集团
002080.SZ,中材科技
601886.SH,江河集团
002661.SZ,克明食品
600332.SH,白云山
600845.SH,宝信软件
600883.SH,博闻科技
000977.SZ,浪潮信息
600099.SH,林海股份
601375.SH,中原证券
600697.SH,欧亚集团
600382.SH,广东明珠
000906.SZ,浙商中拓
000688.SZ,国城矿业
603088.SH,宁波精达
600535.SH,天士力
001339.SZ,智微智能
603185.SH,弘元绿能
603659.SH,璞泰来
603357.SH,设计总院
600199.SH,金种子酒
603316.SH,诚邦股份
603928.SH,兴业股份
603195.SH,公牛集团
000544.SZ,中原环保
600683.SH,京投发展
000599.SZ,青岛双星
600521.SH,华海药业
600897.SH,厦门空港
600935.SH,华塑股份
000425.SZ,徐工机械
003025.SZ,思进智能
603071.SH,物产环能
001260.SZ,坤泰股份
600880.SH,博瑞传播
002526.SZ,山东矿机
600299.SH,安迪苏
603926.SH,铁流股份
002896.SZ,中大力德
600084.SH,中信尼雅
603596.SH,伯特利
603235.SH,天新药业
603048.SH,浙江黎明
600556.SH,天下秀
000750.SZ,国海证券
001269.SZ,欧晶科技
601658.SH,邮储银行
600551.SH,时代出版
002134.SZ,天津普林
600829.SH,人民同泰
000570.SZ,苏常柴A
603219.SH,富佳股份
002552.SZ,宝鼎科技
601929.SH,吉视传媒
000008.SZ,神州高铁
600488.SH,津药药业
600368.SH,五洲交通
002269.SZ,美邦服饰
002817.SZ,黄山胶囊
605001.SH,威奥股份
600151.SH,航天机电
002952.SZ,亚世光电
603040.SH,新坐标
000027.SZ,深圳能源
000776.SZ,广发证券
002888.SZ,惠威科技
002078.SZ,太阳纸业
600132.SH,重庆啤酒
600232.SH,金鹰股份
002350.SZ,北京科锐
000705.SZ,浙江震元
002427.SZ,尤夫股份
002393.SZ,力生制药
000598.SZ,兴蓉环境
002375.SZ,亚厦股份
000758.SZ,中色股份
601311.SH,骆驼股份
002233.SZ,塔牌集团
600673.SH,东阳光
000807.SZ,云铝股份
603131.SH,上海沪工
605068.SH,明新旭腾
600748.SH,上实发展
001332.SZ,锡装股份
600559.SH,老白干酒
002102.SZ,能特科技
600386.SH,北巴传媒
002891.SZ,中宠股份
603713.SH,密尔克卫
003002.SZ,壶化股份
600908.SH,无锡银行
000576.SZ,甘化科工
000009.SZ,中国宝安
000813.SZ,德展健康
600995.SH,南网储能
002255.SZ,海陆重工
600597.SH,光明乳业
600428.SH,中远海特
600929.SH,雪天盐业
002066.SZ,瑞泰科技
002923.SZ,润都股份
603605.SH,珀莱雅
600348.SH,华阳股份
601618.SH,中国中冶
002976.SZ,瑞玛精密
001234.SZ,泰慕士
002972.SZ,科安达
002597.SZ,金禾实业
600708.SH,光明地产
603937.SH,丽岛新材
003023.SZ,彩虹集团
601208.SH,东材科技
002950.SZ,奥美医疗
600859.SH,王府井
601318.SH,中国平安
600685.SH,中船防务
605300.SH,佳禾食品
002668.SZ,TCL智家
600528.SH,中铁工业
000590.SZ,启迪药业
601888.SH,中国中免
605151.SH,西上海
603883.SH,老百姓
002146.SZ,荣盛发展
603516.SH,淳中科技
600626.SH,申达股份
600429.SH,三元股份
002050.SZ,三花智控
603199.SH,九华旅游
600571.SH,信雅达
600273.SH,嘉化能源
001266.SZ,宏英智能
605196.SH,华通线缆
603155.SH,新亚强
000539.SZ,粤电力A
002617.SZ,露笑科技
000998.SZ,隆平高科
000788.SZ,北大医药
600308.SH,华泰股份
001298.SZ,好上好
000785.SZ,居然智家
603319.SH,美湖股份
000568.SZ,泸州老窖
000501.SZ,武商集团
002697.SZ,红旗连锁
605338.SH,巴比食品
603685.SH,晨丰科技
600768.SH,宁波富邦
002222.SZ,福晶科技
601555.SH,东吴证券
605007.SH,五洲特纸
003005.SZ,竞业达
600495.SH,晋西车轴
002790.SZ,瑞尔特
001336.SZ,楚环科技
600615.SH,鑫源智造
603033.SH,三维股份
603528.SH,多伦科技
001238.SZ,浙江正特
000938.SZ,紫光股份
000877.SZ,天山股份
002453.SZ,华软科技
600658.SH,电子城
603617.SH,君禾股份
000678.SZ,襄阳轴承
002657.SZ,中科金财
603091.SH,众鑫股份
000821.SZ,京山轻机
600552.SH,凯盛科技
002441.SZ,众业达
600928.SH,西安银行
600288.SH,大恒科技
002544.SZ,普天科技
000936.SZ,华西股份
000099.SZ,中信海直
603876.SH,鼎胜新材
000065.SZ,北方国际
000548.SZ,湖南投资
002212.SZ,天融信
002645.SZ,华宏科技
000546.SZ,金圆股份
601187.SH,厦门银行
600621.SH,华鑫股份
601901.SH,方正证券
605398.SH,新炬网络
600082.SH,海泰发展
600036.SH,招商银行
002947.SZ,恒铭达
600293.SH,三峡新材
000825.SZ,太钢不锈
603126.SH,中材节能
003035.SZ,南网能源
002019.SZ,亿帆医药
000810.SZ,创维数字
002837.SZ,英维克
000728.SZ,国元证券
600498.SH,烽火通信
603329.SH,上海雅仕
002853.SZ,皮阿诺
600798.SH,宁波海运
002937.SZ,兴瑞科技
600053.SH,九鼎投资
000663.SZ,永安林业
002559.SZ,亚威股份
002653.SZ,海思科
002940.SZ,昂利康
600689.SH,上海三毛
600067.SH,冠城新材
600862.SH,中航高科
603170.SH,宝立食品
000019.SZ,深粮控股
000949.SZ,新乡化纤
000957.SZ,中通客车
600966.SH,博汇纸业
603916.SH,苏博特
002332.SZ,仙琚制药
603858.SH,步长制药
000960.SZ,锡业股份
603613.SH,国联股份
000930.SZ,中粮科技
002381.SZ,双箭股份
003026.SZ,中晶科技
002367.SZ,康力电梯
002497.SZ,雅化集团
601002.SH,晋亿实业
603228.SH,景旺电子
002025.SZ,航天电器
601003.SH,柳钢股份
600233.SH,圆通速递
603338.SH,浙江鼎力
002607.SZ,中公教育
600128.SH,苏豪弘业
002901.SZ,大博医疗
002626.SZ,金达威
600720.SH,中交设计
605208.SH,永茂泰
601319.SH,中国人保
600963.SH,岳阳林纸
601326.SH,秦港股份
000801.SZ,四川九洲
002768.SZ,国恩股份
601059.SH,信达证券
002542.SZ,中化岩土
600756.SH,浪潮软件
600215.SH,派斯林
603663.SH,三祥新材
002261.SZ,拓维信息
002488.SZ,金固股份
002022.SZ,科华生物
600262.SH,北方股份
002175.SZ,东方智造
002568.SZ,百润股份
002380.SZ,科远智慧
603313.SH,梦百合
001217.SZ,华尔泰
600968.SH,海油发展
000021.SZ,深科技
002437.SZ,誉衡药业
000708.SZ,中信特钢
603233.SH,大参林
603135.SH,中重科技
000799.SZ,酒鬼酒
003020.SZ,立方制药
000963.SZ,华东医药
600054.SH,黄山旅游
002386.SZ,天原股份
000690.SZ,宝新能源
002788.SZ,鹭燕医药
000900.SZ,现代投资
000517.SZ,荣安地产
605005.SH,合兴股份
003042.SZ,中农联合
600378.SH,昊华科技
000531.SZ,穗恒运A
002313.SZ,日海智能
001231.SZ,农心科技
000566.SZ,海南海药
002249.SZ,大洋电机
605339.SH,南侨食品
002982.SZ,湘佳股份
603669.SH,灵康药业
603766.SH,隆鑫通用
002225.SZ,濮耐股份
002377.SZ,国创高新
000426.SZ,兴业银锡
600493.SH,凤竹纺织
603038.SH,华立股份
603661.SH,恒林股份
603351.SH,威尔药业
001258.SZ,立新能源
603227.SH,雪峰科技
000417.SZ,合百集团
600516.SH,方大炭素
600173.SH,卧龙新能
002977.SZ,天箭科技
600248.SH,陕建股份
600461.SH,洪城环境
000158.SZ,常山北明
000651.SZ,格力电器
603298.SH,杭叉集团
603396.SH,金辰股份
002777.SZ,久远银海
600506.SH,统一股份
600846.SH,同济科技
603806.SH,福斯特
002307.SZ,北新路桥
603881.SH,数据港
601702.SH,华峰铝业
600650.SH,锦江在线
002961.SZ,瑞达期货
603267.SH,鸿远电子
600885.SH,宏发股份
603056.SH,德邦股份
600012.SH,皖通高速
002866.SZ,传艺科技
600517.SH,国网英大
001209.SZ,洪兴股份
603083.SH,剑桥科技
002014.SZ,永新股份
002121.SZ,科陆电子
000735.SZ,罗牛山
601015.SH,陕西黑猫
002850.SZ,科达利
002622.SZ,皓宸医疗
000717.SZ,中南股份
000524.SZ,岭南控股
603899.SH,晨光股份
000039.SZ,中集集团
002083.SZ,孚日股份
002999.SZ,天禾股份
600816.SH,建元信托
600729.SH,重庆百货
002416.SZ,爱施德
002349.SZ,精华制药
600009.SH,上海机场
600873.SH,梅花生物
601199.SH,江南水务
000987.SZ,越秀资本
601921.SH,浙版传媒
002993.SZ,奥海科技
600992.SH,贵绳股份
600196.SH,复星医药
002861.SZ,瀛通通讯
000682.SZ,东方电子
600018.SH,上港集团
603730.SH,岱美股份
603667.SH,五洲新春
605555.SH,德昌股份
002932.SZ,明德生物
601619.SH,嘉泽新能
603063.SH,禾望电气
600032.SH,浙江新能
002008.SZ,大族激光
002522.SZ,浙江众成
000661.SZ,长春高新
603856.SH,东宏股份
603725.SH,天安新材
603950.SH,长源东谷
600732.SH,爱旭股份
603216.SH,梦天家居
605118.SH,力鼎光电
601456.SH,国联民生
605180.SH,华生科技
600159.SH,大龙地产
002446.SZ,盛路通信
002454.SZ,松芝股份
605098.SH,行动教育
600686.SH,金龙汽车
600366.SH,宁波韵升
002587.SZ,奥拓电子
600467.SH,好当家
600820.SH,隧道股份
002811.SZ,郑中设计
600764.SH,中国海防
600882.SH,妙可蓝多
600661.SH,昂立教育
000628.SZ,高新发展
600800.SH,渤海化学
605123.SH,派克新材
605333.SH,沪光股份
600536.SH,中国软件
600480.SH,凌云股份
002155.SZ,湖南黄金
002470.SZ,金正大
603032.SH,德新科技
002285.SZ,世联行
000505.SZ,京粮控股
002644.SZ,佛慈制药
601878.SH,浙商证券
600655.SH,豫园股份
000554.SZ,泰山石油
600956.SH,新天绿能
000766.SZ,通化金马
002272.SZ,川润股份
600793.SH,宜宾纸业
603125.SH,常青科技
603439.SH,贵州三力
603466.SH,风语筑
000917.SZ,电广传媒
002198.SZ,嘉应制药
605500.SH,森林包装
601200.SH,上海环境
002557.SZ,洽洽食品
600350.SH,山东高速
002282.SZ,博深股份
002029.SZ,七匹狼
600684.SH,珠江股份
002856.SZ,美芝股份
000887.SZ,中鼎股份
002753.SZ,永东股份
000029.SZ,深深房A
002550.SZ,千红制药
600119.SH,长江投资
002958.SZ,青农商行
002554.SZ,惠博普
600326.SH,西藏天路
600776.SH,东方通信
002969.SZ,嘉美包装
603076.SH,乐惠国际
600345.SH,长江通信
601366.SH,利群股份
603898.SH,好莱客
002849.SZ,威星智能
000062.SZ,深圳华强
600111.SH,北方稀土
600668.SH,尖峰集团
002978.SZ,安宁股份
002563.SZ,森马服饰
600235.SH,民丰特纸
002163.SZ,海南发展
601360.SH,三六零
601228.SH,广州港
605158.SH,华达新材
002362.SZ,汉王科技
603169.SH,兰石重装
002664.SZ,信质集团
600584.SH,长电科技
603339.SH,四方科技
000968.SZ,蓝焰控股
601139.SH,深圳燃气
603016.SH,新宏泰
002139.SZ,拓邦股份
603166.SH,福达股份
600692.SH,亚通股份
000902.SZ,新洋丰
003011.SZ,海象新材
600177.SH,雅戈尔
000400.SZ,许继电气
002800.SZ,天顺股份
600663.SH,陆家嘴
001337.SZ,四川黄金
002236.SZ,大华股份
603206.SH,嘉环科技
000980.SZ,众泰汽车
603999.SH,读者传媒
001287.SZ,中电港
600596.SH,新安股份
603893.SH,瑞芯微
001259.SZ,利仁科技
600376.SH,首开股份
000670.SZ,盈方微
002736.SZ,国信证券
000415.SZ,渤海租赁
603111.SH,康尼机电
603297.SH,永新光学
001914.SZ,招商积余
605303.SH,园林股份
600645.SH,中源协和
601991.SH,大唐发电
000030.SZ,富奥股份
002941.SZ,新疆交建
603399.SH,永杉锂业
600688.SH,上海石化
002759.SZ,天际股份
002112.SZ,三变科技
603173.SH,福斯达
600796.SH,钱江生化
601609.SH,金田股份
000790.SZ,华神科技
002145.SZ,钛能化学
000423.SZ,东阿阿胶
002820.SZ,桂发祥
600682.SH,南京新百
002847.SZ,盐津铺子
600137.SH,浪莎股份
002931.SZ,锋龙股份
603900.SH,莱绅通灵
002815.SZ,崇达技术
600202.SH,哈空调
002628.SZ,成都路桥
603728.SH,鸣志电器
600351.SH,亚宝药业
601811.SH,新华文轩
605167.SH,利柏特
002715.SZ,登云股份
600309.SH,万华化学
603103.SH,横店影视
601339.SH,百隆东方
002879.SZ,长缆科技
600313.SH,农发种业
603707.SH,健友股份
001896.SZ,豫能控股
002075.SZ,沙钢股份
600876.SH,凯盛新能
000868.SZ,安凯客车
600757.SH,长江传媒
003015.SZ,日久光电
603866.SH,桃李面包
603189.SH,网达软件
600477.SH,杭萧钢构
002560.SZ,通达股份
002436.SZ,兴森科技
601963.SH,重庆银行
600026.SH,中远海能
600316.SH,洪都航空
002689.SZ,远大智能
603379.SH,三美股份
002483.SZ,润邦股份
603332.SH,苏州龙杰
600738.SH,丽尚国潮
601336.SH,新华保险
600135.SH,乐凯胶片
002521.SZ,齐峰新材
601857.SH,中国石油
603355.SH,莱克电气
002688.SZ,金河生物
603801.SH,志邦家居
601865.SH,福莱特
603178.SH,圣龙股份
605108.SH,同庆楼
603348.SH,文灿股份
002028.SZ,思源电气
002247.SZ,聚力文化
002196.SZ,方正电机
600007.SH,中国国贸
600098.SH,广州发展
601398.SH,工商银行
000686.SZ,东北证券
600148.SH,长春一东
000899.SZ,赣能股份
600746.SH,江苏索普
600818.SH,中路股份
601330.SH,绿色动力
603790.SH,雅运股份
002319.SZ,乐通股份
601099.SH,太平洋
600546.SH,山煤国际
600295.SH,鄂尔多斯
002589.SZ,瑞康医药
601567.SH,三星医疗
601686.SH,友发集团
000034.SZ,神州数码
000679.SZ,大连友谊
002906.SZ,华阳集团
600653.SH,申华控股
600104.SH,上汽集团
002243.SZ,力合科创
002279.SZ,久其软件
000856.SZ,冀东装备
001979.SZ,招商蛇口
002572.SZ,索菲亚
601777.SH,千里科技
603655.SH,朗博科技
601958.SH,金钼股份
002538.SZ,司尔特
600439.SH,瑞贝卡
600035.SH,楚天高速
600835.SH,上海机电
002606.SZ,大连电瓷
600418.SH,江淮汽车
000970.SZ,中科三环
600704.SH,物产中大
600737.SH,中粮糖业
002287.SZ,奇正藏药
002749.SZ,国光股份
001215.SZ,千味央厨
600739.SH,辽宁成大
603609.SH,禾丰股份
002156.SZ,通富微电
002905.SZ,金逸影视
600470.SH,六国化工
600420.SH,国药现代
603222.SH,济民健康
000581.SZ,威孚高科
603538.SH,美诺华
002292.SZ,奥飞娱乐
600830.SH,香溢融通
603006.SH,联明股份
002737.SZ,葵花药业
601868.SH,中国能建
002062.SZ,宏润建设
003018.SZ,金富科技
002352.SZ,顺丰控股
600237.SH,铜峰电子
603177.SH,德创环保
605128.SH,上海沿浦
000157.SZ,中联重科
601579.SH,会稽山
600936.SH,广西广电
002722.SZ,物产金轮
002667.SZ,威领股份
000922.SZ,佳电股份
603901.SH,永创智能
600588.SH,用友网络
605133.SH,嵘泰股份
603416.SH,信捷电气
601985.SH,中国核电
601101.SH,昊华能源
600900.SH,长江电力
603567.SH,珍宝岛
002072.SZ,凯瑞德
002224.SZ,三力士
600773.SH,西藏城投
600072.SH,中船科技
601000.SH,唐山港
600918.SH,中泰证券
001213.SZ,中铁特货
002094.SZ,青岛金王
603318.SH,水发燃气
601066.SH,中信建投
600622.SH,光大嘉宝
600999.SH,招商证券
002593.SZ,日上集团
603607.SH,京华激光
002273.SZ,水晶光电
605258.SH,协和电子
003000.SZ,劲仔食品
002174.SZ,游族网络
000523.SZ,红棉股份
600790.SH,轻纺城
605117.SH,德业股份
000560.SZ,我爱我家
605177.SH,东亚药业
601998.SH,中信银行
603826.SH,坤彩科技
603948.SH,建业股份
603656.SH,泰禾智能
000800.SZ,一汽解放
603015.SH,弘讯科技
003001.SZ,中岩大地
600617.SH,国新能源
002775.SZ,文科股份
605378.SH,野马电池
000798.SZ,中水渔业
000537.SZ,中绿电
000519.SZ,中兵红箭
002353.SZ,杰瑞股份
002716.SZ,湖南白银
603286.SH,日盈电子
000659.SZ,珠海中富
600449.SH,宁夏建材
600206.SH,有研新材
002360.SZ,同德化工
603093.SH,南华期货
002723.SZ,小崧股份
600131.SH,国网信通
603803.SH,瑞斯康达
002779.SZ,中坚科技
603078.SH,江化微
600483.SH,福能股份
603390.SH,通达电气
001202.SZ,炬申股份
002133.SZ,广宇集团
600847.SH,万里股份
600563.SH,法拉电子
002115.SZ,三维通信
603010.SH,万盛股份
002507.SZ,涪陵榨菜
000985.SZ,大庆华科
000862.SZ,银星能源
001218.SZ,丽臣实业
600664.SH,哈药股份
002670.SZ,国盛证券
001236.SZ,弘业期货
603378.SH,亚士创能
600055.SH,万东医疗
600252.SH,中恒集团
603985.SH,恒润股份
000890.SZ,法尔胜
603341.SH,龙旗科技
603366.SH,日出东方
002060.SZ,广东建工
000676.SZ,智度股份
000636.SZ,风华高科
603128.SH,华贸物流
603708.SH,家家悦
002207.SZ,准油股份
603711.SH,香飘飘
002351.SZ,漫步者
603895.SH,天永智能
002234.SZ,民和股份
002136.SZ,安纳达
002138.SZ,顺络电子
002813.SZ,路畅科技
000088.SZ,盐田港
600785.SH,新华百货
002577.SZ,雷柏科技
600501.SH,航天晨光
002276.SZ,万马股份
600281.SH,华阳新材
002807.SZ,江阴银行
600868.SH,梅雁吉祥
603602.SH,纵横通信
600020.SH,中原高速
600058.SH,五矿发展
000006.SZ,深振业A
000530.SZ,冰山冷热
600726.SH,华电能源
600496.SH,精工钢构
000553.SZ,安道麦A
000681.SZ,视觉中国
000920.SZ,沃顿科技
603277.SH,银都股份
002157.SZ,正邦科技
000058.SZ,深赛格
002007.SZ,华兰生物
002997.SZ,瑞鹄模具
600255.SH,鑫科材料
600100.SH,同方股份
601918.SH,新集能源
002991.SZ,甘源食品
002698.SZ,博实股份
600871.SH,石化油服
600282.SH,南钢股份
605099.SH,共创草坪
002801.SZ,微光股份
600064.SH,南京高科
603050.SH,科林电气
000858.SZ,五粮液
600691.SH,潞化科技
600861.SH,北京人力
600822.SH,上海物贸
605016.SH,百龙创园
603938.SH,三孚股份
600839.SH,四川长虹
002892.SZ,科力尔
603327.SH,福蓉科技
600097.SH,开创国际
002686.SZ,亿利达
600008.SH,首创环保
002339.SZ,积成电子
600854.SH,春兰股份
600079.SH,人福医药
000011.SZ,深物业A
600638.SH,新黄浦
600285.SH,羚锐制药
000959.SZ,首钢股份
000559.SZ,万向钱潮
000078.SZ,海王生物
601997.SH,贵阳银行
601077.SH,渝农商行
000778.SZ,新兴铸管
002356.SZ,赫美集团
002718.SZ,友邦吊顶
002900.SZ,哈三联
603618.SH,杭电股份
601096.SH,宏盛华源
603385.SH,惠达卫浴
000010.SZ,美丽生态
002514.SZ,宝馨科技
603579.SH,荣泰健康
002662.SZ,峰璟股份
603031.SH,安孚科技
002832.SZ,比音勒芬
603530.SH,神马电力
603798.SH,康普顿
600153.SH,建发股份
600476.SH,湘邮科技
603709.SH,中源家居
601226.SH,华电科工
002501.SZ,利源股份
000055.SZ,方大集团
000048.SZ,京基智农
000626.SZ,远大控股
603519.SH,立霸股份
600425.SH,青松建化
603027.SH,千禾味业
002429.SZ,兆驰股份
002294.SZ,信立泰
600259.SH,广晟有色
603587.SH,地素时尚
601869.SH,长飞光纤
000981.SZ,山子高科
000411.SZ,英特集团
600195.SH,中牧股份
603500.SH,祥和实业
002805.SZ,丰元股份
605020.SH,永和股份
002654.SZ,万润科技
600123.SH,兰花科创
605138.SH,盛泰集团
002401.SZ,中远海科
601975.SH,招商南油
002669.SZ,康达新材
600938.SH,中国海油
605188.SH,国光连锁
000983.SZ,山西焦煤
000510.SZ,新金路
002857.SZ,三晖电气
002655.SZ,共达电声
603693.SH,江苏新能
002984.SZ,森麒麟
600415.SH,小商品城
002385.SZ,大北农
002166.SZ,莱茵生物
002936.SZ,郑州银行
002983.SZ,芯瑞达
000096.SZ,广聚能源
601156.SH,东航物流
002265.SZ,建设工业
603181.SH,皇马科技
002518.SZ,科士达
603386.SH,骏亚科技
000883.SZ,湖北能源
000762.SZ,西藏矿业
603421.SH,鼎信通讯
002839.SZ,张家港行
603903.SH,中持股份
600771.SH,广誉远
000701.SZ,厦门信达
601020.SH,华钰矿业
002068.SZ,黑猫股份
002413.SZ,雷科防务
600266.SH,城建发展
605499.SH,东鹏饮料
001205.SZ,盛航股份
003009.SZ,中天火箭
002278.SZ,神开股份
600198.SH,大唐电信
000582.SZ,北部湾港
001203.SZ,大中矿业
002263.SZ,大东南
600906.SH,财达证券
601279.SH,英利汽车
002297.SZ,博云新材
000962.SZ,东方钽业
002099.SZ,海翔药业
600096.SH,云天化
002086.SZ,东方海洋
002867.SZ,周大生
600171.SH,上海贝岭
600298.SH,安琪酵母
000409.SZ,云鼎科技
600073.SH,光明肉业
600333.SH,长春燃气
002787.SZ,华源控股
605296.SH,神农集团
603156.SH,养元饮品
603311.SH,金海高科
000966.SZ,长源电力
002328.SZ,新朋股份
000625.SZ,长安汽车
002355.SZ,兴民智通
002756.SZ,永兴材料
002462.SZ,嘉事堂
603272.SH,联翔股份
603198.SH,迎驾贡酒
601238.SH,广汽集团
000338.SZ,潍柴动力
002973.SZ,侨银股份
002179.SZ,中航光电
002890.SZ,弘宇股份
002135.SZ,东南网架
603132.SH,金徽股份
600702.SH,舍得酒业
002049.SZ,紫光国微
002595.SZ,豪迈科技
605286.SH,同力日升
000712.SZ,锦龙股份
002248.SZ,华东数控
002960.SZ,青鸟消防
002946.SZ,新乳业
000812.SZ,陕西金叶
600163.SH,中闽能源
600515.SH,海南机场
002085.SZ,万丰奥威
001367.SZ,海森药业
601166.SH,兴业银行
002059.SZ,云南旅游
601288.SH,农业银行
601636.SH,旗滨集团
603029.SH,天鹅股份
603053.SH,成都燃气
600120.SH,浙江东方
002137.SZ,实益达
003040.SZ,楚天龙
002159.SZ,三特索道
002767.SZ,先锋电子
002996.SZ,顺博合金
600540.SH,新赛股份
601616.SH,广电电气
600675.SH,中华企业
600648.SH,外高桥
002221.SZ,东华能源
000155.SZ,川能动力
000543.SZ,皖能电力
600582.SH,天地科技
002510.SZ,天汽模
002566.SZ,益盛药业
000937.SZ,冀中能源
605589.SH,圣泉集团
002556.SZ,辉隆股份
603331.SH,百达精工
600569.SH,安阳钢铁
600633.SH,浙数文化
000978.SZ,桂林旅游
600580.SH,卧龙电驱
000888.SZ,峨眉山A
600063.SH,皖维高新
002603.SZ,以岭药业
601728.SH,中国电信
600787.SH,中储股份
002942.SZ,新农股份
002546.SZ,新联电子
603068.SH,博通集成
603859.SH,能科科技
002227.SZ,奥特迅
600463.SH,空港股份
601298.SH,青岛港
600258.SH,首旅酒店
002690.SZ,美亚光电
605198.SH,安德利
002532.SZ,天山铝业
605056.SH,咸亨国际
600916.SH,中国黄金
603231.SH,索宝蛋白
002714.SZ,牧原股份
603325.SH,博隆技术
600268.SH,国电南自
600319.SH,亚星化学
002315.SZ,焦点科技
603536.SH,惠发食品
001255.SZ,博菲电气
603886.SH,元祖股份
001222.SZ,源飞宠物
002237.SZ,恒邦股份
605299.SH,舒华体育
603105.SH,芯能科技
600337.SH,美克家居
003037.SZ,三和管桩
000402.SZ,金融街
600550.SH,保变电气
603688.SH,石英股份
002484.SZ,江海股份
001872.SZ,招商港口
002104.SZ,恒宝股份
002836.SZ,新宏泽
601816.SH,京沪高铁
601212.SH,白银有色
001366.SZ,播恩集团
002643.SZ,万润股份
601058.SH,赛轮轮胎
600490.SH,鹏欣资源
000607.SZ,华媒控股
601633.SH,长城汽车
603683.SH,晶华新材
603320.SH,迪贝电气
603616.SH,韩建河山
605003.SH,众望布艺
000925.SZ,众合科技
600343.SH,航天动力
603285.SH,键邦股份
002611.SZ,东方精工
600508.SH,上海能源
000965.SZ,天保基建
000819.SZ,岳阳兴长
002646.SZ,天佑德酒
002878.SZ,元隆雅图
002254.SZ,泰和新材
000997.SZ,新大陆
603324.SH,盛剑科技
002088.SZ,鲁阳节能
002105.SZ,信隆健康
603283.SH,赛腾股份
002987.SZ,京北方
600513.SH,联环药业
002127.SZ,南极电商
002547.SZ,春兴精工
601083.SH,锦江航运
000830.SZ,鲁西化工
600459.SH,贵研铂业
603568.SH,伟明环保
600561.SH,江西长运
603458.SH,勘设股份
002492.SZ,恒基达鑫
002573.SZ,清新环境
600192.SH,长城电工
603030.SH,全筑股份
603880.SH,南卫股份
002540.SZ,亚太科技
002534.SZ,西子洁能
000498.SZ,山东路桥
603217.SH,元利科技
000767.SZ,晋控电力
001317.SZ,三羊马
600901.SH,江苏金租
000829.SZ,天音控股
600841.SH,动力新科
600824.SH,益民集团
002506.SZ,协鑫集成
002399.SZ,海普瑞
002472.SZ,双环传动
002578.SZ,闽发铝业
000895.SZ,双汇发展
002871.SZ,伟隆股份
603296.SH,华勤技术
600791.SH,京能置业
605289.SH,罗曼股份
603036.SH,如通股份
002615.SZ,哈尔斯
000860.SZ,顺鑫农业
002600.SZ,领益智造
603867.SH,新化股份
603186.SH,华正新材
000526.SZ,学大教育
603885.SH,吉祥航空
000833.SZ,粤桂股份
600029.SH,南方航空
003028.SZ,振邦智能
600256.SH,广汇能源
600284.SH,浦东建设
603220.SH,中贝通信
002264.SZ,新华都
002193.SZ,如意集团
002989.SZ,中天精装
002430.SZ,杭氧股份
603777.SH,来伊份
600078.SH,澄星股份
600406.SH,国电南瑞
601908.SH,京运通
000596.SZ,古井贡酒
002732.SZ,燕塘乳业
002410.SZ,广联达
600307.SH,酒钢宏兴
603127.SH,昭衍新药
600600.SH,青岛啤酒
600598.SH,北大荒
002599.SZ,盛通股份
600706.SH,曲江文旅
002180.SZ,纳思达
002003.SZ,伟星股份
002043.SZ,兔宝宝
600857.SH,宁波中百
000988.SZ,华工科技
000635.SZ,英力特
001322.SZ,箭牌家居
000059.SZ,华锦股份
603699.SH,纽威股份
600305.SH,恒顺醋业
600022.SH,山东钢铁
600021.SH,上海电力
000514.SZ,渝开发
600909.SH,华安证券
002498.SZ,汉缆股份
600011.SH,华能国际
600694.SH,大商股份
000935.SZ,四川双马
002674.SZ,兴业科技
001360.SZ,南矿集团
600518.SH,康美药业
000657.SZ,中钨高新
000910.SZ,大亚圣象
002242.SZ,九阳股份
002523.SZ,天桥起重
600039.SH,四川路桥
603129.SH,春风动力
600844.SH,金煤科技
603767.SH,中马传动
002063.SZ,远光软件
002191.SZ,劲嘉股份
603011.SH,合锻智能
603860.SH,中公高科
600662.SH,外服控股
603337.SH,杰克科技
600388.SH,龙净环保
603501.SH,豪威集团
601615.SH,明阳智能
600693.SH,东百集团
603299.SH,苏盐井神
601766.SH,中国中车
603310.SH,巍华新材
002579.SZ,中京电子
600354.SH,敦煌种业
002926.SZ,华西证券
002706.SZ,良信股份
603657.SH,春光科技
600511.SH,国药股份
603687.SH,大胜达
002938.SZ,鹏鼎控股
600998.SH,九州通
603606.SH,东方电缆
002971.SZ,和远气体
600869.SH,远东股份
601069.SH,西部黄金
600533.SH,栖霞建设
600730.SH,中国高科
002210.SZ,飞马国际
002738.SZ,中矿资源
000592.SZ,平潭发展
000301.SZ,东方盛虹
601798.SH,蓝科高新
002093.SZ,国脉科技
002513.SZ,蓝丰生化
000586.SZ,汇源通信
001211.SZ,双枪科技
603797.SH,联泰环保
603956.SH,威派格
603375.SH,盛景微
601018.SH,宁波港
002311.SZ,海大集团
603877.SH,太平鸟
000623.SZ,吉林敖东
002449.SZ,国星光电
600557.SH,康缘药业
000601.SZ,韶能股份
603322.SH,超讯通信
603171.SH,税友股份
002659.SZ,凯文教育
600219.SH,南山铝业
603043.SH,广州酒家
603920.SH,世运电路
603968.SH,醋化股份
002161.SZ,远望谷
002845.SZ,同兴达
003030.SZ,祖名股份
001210.SZ,金房能源
000803.SZ,山高环能
603703.SH,盛洋科技
000042.SZ,中洲控股
002576.SZ,通达动力
600216.SH,浙江医药
603281.SH,江瀚新材
601969.SH,海南矿业
601916.SH,浙商银行
003039.SZ,顺控发展
605018.SH,长华集团
600979.SH,广安爱众
603833.SH,欧派家居
603079.SH,圣达生物
001288.SZ,运机集团
003022.SZ,联泓新科
603637.SH,镇海股份
603600.SH,永艺股份
002881.SZ,美格智能
603855.SH,华荣股份
000597.SZ,东北制药
600623.SH,华谊集团
002038.SZ,双鹭药业
601388.SH,怡球资源
002551.SZ,尚荣医疗
000786.SZ,北新建材
002855.SZ,捷荣技术
603212.SH,赛伍技术
600651.SH,飞乐音响
600166.SH,福田汽车
002100.SZ,天康生物
603755.SH,日辰股份
600643.SH,爱建集团
002648.SZ,卫星化学
002635.SZ,安洁科技
003010.SZ,若羽臣
002785.SZ,万里石
603566.SH,普莱柯
002783.SZ,凯龙股份
000561.SZ,烽火电子
002508.SZ,老板电器
002535.SZ,林州重机
000637.SZ,茂化实华
002391.SZ,长青股份
000932.SZ,华菱钢铁
603035.SH,常熟汽饰
002314.SZ,南山控股
002463.SZ,沪电股份
601001.SH,晋控煤业
600604.SH,市北高新
002913.SZ,奥士康
002640.SZ,跨境通
605189.SH,富春染织
600126.SH,杭钢股份
603535.SH,嘉诚国际
000783.SZ,长江证券
601377.SH,兴业证券
601669.SH,中国电建
000893.SZ,亚钾国际
002329.SZ,皇氏集团
600874.SH,创业环保
000839.SZ,国安股份
600110.SH,诺德股份
001289.SZ,龙源电力
000100.SZ,TCL科技
603556.SH,海兴电力
002921.SZ,联诚精密
603551.SH,奥普科技
603153.SH,上海建科
000404.SZ,长虹华意
600060.SH,海信视像
600229.SH,城市传媒
603997.SH,继峰股份
001219.SZ,青岛食品
605266.SH,健之佳
603823.SH,百合花
000881.SZ,中广核技
002187.SZ,广百股份
600327.SH,大东方
600231.SH,凌钢股份
600789.SH,鲁抗医药
002106.SZ,莱宝高科
601999.SH,出版传媒
600996.SH,贵广网络
002407.SZ,多氟多
600759.SH,洲际油气
600547.SH,山东黄金
001283.SZ,豪鹏科技
002032.SZ,苏泊尔
600188.SH,兖矿能源
002739.SZ,万达电影
002235.SZ,安妮股份
600170.SH,上海建工
600609.SH,金杯汽车
002821.SZ,凯莱英
603086.SH,先达股份
600076.SH,康欣新材
002298.SZ,中电鑫龙
601005.SH,重庆钢铁
000707.SZ,双环科技
000779.SZ,甘咨询
601665.SH,齐鲁银行
600792.SH,云煤能源
600573.SH,惠泉啤酒
002343.SZ,慈文传媒
603689.SH,皖天然气
600426.SH,华鲁恒升
002766.SZ,索菱股份
603800.SH,洪田股份
002641.SZ,公元股份
605100.SH,华丰股份
600301.SH,华锡有色
002482.SZ,广田集团
603315.SH,福鞍股份
605580.SH,恒盛能源
603811.SH,诚意药业
000723.SZ,美锦能源
601588.SH,北辰实业
002296.SZ,辉煌科技
603969.SH,银龙股份
603391.SH,力聚热能
603190.SH,亚通精工
601098.SH,中南传媒
603787.SH,新日股份
002692.SZ,远程股份
001323.SZ,慕思股份
600894.SH,广日股份
600189.SH,泉阳泉
002986.SZ,宇新股份
603229.SH,奥翔药业
002634.SZ,棒杰股份
600362.SH,江西铜业
601179.SH,中国西电
002204.SZ,大连重工
002061.SZ,浙江交科
603360.SH,百傲化学
603381.SH,永臻股份
600101.SH,明星电力
000600.SZ,建投能源
600807.SH,济高发展
603225.SH,新凤鸣
002358.SZ,森源电气
002369.SZ,卓翼科技
600158.SH,中体产业
002652.SZ,扬子新材
002009.SZ,天奇股份
000619.SZ,海螺新材
002730.SZ,电光科技
000538.SZ,云南白药
600346.SH,恒力石化
603344.SH,星德胜
603737.SH,三棵树
603317.SH,天味食品
600176.SH,中国巨石
002466.SZ,天齐锂业
600109.SH,国金证券
002598.SZ,山东章鼓
002555.SZ,三七互娱
600320.SH,振华重工
603309.SH,维力医疗
000503.SZ,国新健康
002539.SZ,云图控股
002979.SZ,雷赛智能
600172.SH,黄河旋风
601188.SH,龙江交通
002885.SZ,京泉华
002267.SZ,陕天然气
601880.SH,辽港股份
002069.SZ,獐子岛
000919.SZ,金陵药业
605122.SH,四方新材
002876.SZ,三利谱
600015.SH,华夏银行
600676.SH,交运股份
000739.SZ,普洛药业
002582.SZ,好想你
601808.SH,中海油服
001358.SZ,兴欣新材
002404.SZ,嘉欣丝绸
000573.SZ,粤宏远A
002810.SZ,山东赫达
600507.SH,方大特钢
600699.SH,均胜电子
603037.SH,凯众股份
600057.SH,厦门象屿
603380.SH,易德龙
002489.SZ,浙江永强
605218.SH,伟时电子
603113.SH,金能科技
601113.SH,华鼎股份
603757.SH,大元泵业
601127.SH,赛力斯
002468.SZ,申通快递
002962.SZ,五方光电