trade_date,ts_code,name,pred_open_d1,pred_return,ret_delta
20250507,605188.SH,国光连锁,10.76667594909668,9.659094370466615,-3.5340605482543364
20250507,002491.SZ,通鼎互联,4.967103481292725,8.538455808693568,-7.854689470669518
20250507,603800.SH,洪田股份,23.392528533935547,5.9025360407509275,-3.8592705159882446
20250507,600794.SH,保税科技,4.113270282745361,5.762064021869295,1.8417003961085143
20250507,603980.SH,吉华集团,4.760093688964844,5.000234905042156,-2.324365942101725
20250508,002355.SZ,兴民智通,7.2128376960754395,7.953860567140714,-2.5208953363317743
20250508,002365.SZ,永安药业,11.868699073791504,6.451184917782338,1.3372508322055054
20250508,002098.SZ,浔兴股份,9.222018241882324,5.63379731671565,-1.1903364082862744
20250508,603839.SH,安正时尚,6.075584411621094,5.13753455302437,-1.6083088017962321
20250508,002440.SZ,闰土股份,7.515835285186768,5.054331015780633,3.8226414011769183
20250509,600644.SH,乐山电力,11.545578956604004,11.587128643378431,-4.38807270479078
20250509,600505.SH,西昌电力,15.831488609313965,10.224375668061692,0.08762761362657301
20250509,002427.SZ,尤夫股份,7.055290222167969,9.705211118210189,-4.901483169821796
20250509,002365.SZ,永安药业,11.572793960571289,9.013071294757058,-1.4412011707910954
20250509,603350.SH,安乃达,38.49139404296875,7.786500992313505,-4.718847120961844
20250512,600610.SH,中毅达,12.17912483215332,11.360566036121256,-8.633667713886982
20250512,603086.SH,先达股份,9.435423851013184,7.0819103971440756,-3.8970744356195963
20250512,002365.SZ,永安药业,10.494390487670898,6.469171435961063,3.103906528551992
20250512,603696.SH,安记食品,12.237027168273926,6.021502427302128,-4.814111264960563
20250512,600505.SH,西昌电力,15.33758544921875,5.5554123522407295,-2.1861698546546515
20250513,002165.SZ,红宝丽,10.84579086303711,8.407705915444218,5.389216082925019
20250513,603331.SH,百达精工,10.498062133789062,7.1295316160959965,-4.337139340668306
20250513,002229.SZ,鸿博股份,16.039730072021484,6.978077965685325,-4.2390358106582315
20250513,002194.SZ,武汉凡谷,15.410177230834961,5.8185712088750785,-2.690453611954613
20250513,002809.SZ,红墙股份,14.71647834777832,5.246125274758917,-3.366717961755117
20250514,002165.SZ,红宝丽,11.406095504760742,10.071865676498737,-1.5889170249919315
20250514,603011.SH,合锻智能,11.830300331115723,6.689356956161374,-0.7112664334914198
20250514,603335.SH,迪生力,4.823579788208008,6.134161574572272,0.8267602343468239
20250514,002915.SZ,中欣氟材,22.541358947753906,5.061696923297387,-1.8469908963079096
20250514,002640.SZ,跨境通,4.795732498168945,4.730512784874974,-2.8468546660050276
20250515,002165.SZ,红宝丽,12.05123519897461,9.610697345547269,-0.22619189967549858
20250515,002338.SZ,奥普光电,46.715850830078125,6.8584697227336955,-4.168200565563329
20250515,603331.SH,百达精工,11.331820487976074,6.473946214875537,0.5026877398226715
20250515,002560.SZ,通达股份,7.426568984985352,5.980550560271847,0.7919534862279587
20250515,603920.SH,世运电路,27.63743019104004,5.027877802054381,-1.795177328469233
20250516,601008.SH,连云港,6.94498872756958,12.817059160624012,-0.46311429422951633
20250516,002094.SZ,青岛金王,8.602376937866211,7.9196974916278196,2.6508891357565956
20250516,002164.SZ,宁波东力,9.935523986816406,6.9974466241091715,0.06002419892281452
20250516,600744.SH,华银电力,4.949677467346191,6.854014068479963,-0.1511978716985274
20250516,601086.SH,国芳集团,12.739102363586426,6.16994814108347,0.16315083467322022
20250519,603086.SH,先达股份,9.464700698852539,11.60989222759401,-7.014247591581558
20250519,605188.SH,国光连锁,12.726936340332031,8.999371259934374,-6.539894798301726
20250519,601086.SH,国芳集团,12.879987716674805,7.2564132042545415,-6.78718306484194
20250519,002365.SZ,永安药业,13.979406356811523,7.223965456279835,-0.18984516716955557
20250519,002851.SZ,麦格米特,47.76005554199219,4.057761854250397,-2.4303063065851394
20250520,605188.SH,国光连锁,14.230508804321289,8.978552896468361,-2.566983074438367
20250520,002915.SZ,中欣氟材,23.172849655151367,7.6878665068499386,-2.0428651902969275
20250520,600744.SH,华银电力,4.8708815574646,3.5412006339168745,1.0312001885568023
20250520,603516.SH,淳中科技,36.21443176269531,3.33437675592152,-2.0734743953245927
20250520,601956.SH,东贝集团,6.6434502601623535,2.87223625759343,1.2985953031349862
20250521,603980.SH,吉华集团,5.072491645812988,8.438519598210892,1.3446126169371464
20250521,603086.SH,先达股份,8.841172218322754,5.890023478835249,-1.602496039691892
20250521,000559.SZ,万向钱潮,9.32054328918457,5.567388358131731,-3.2984678711543536
20250521,600336.SH,澳柯玛,7.875357627868652,5.309581995607915,-1.0812371296990086
20250521,000678.SZ,襄阳轴承,16.934768676757812,5.0667902182417235,-2.9801401478505296
20250522,000565.SZ,渝三峡A,10.701761245727539,8.177270975198825,0.4880733318157082
20250522,000559.SZ,万向钱潮,9.330663681030273,5.646055700495389,0.5299562924758972
20250522,601236.SH,红塔证券,8.46491813659668,4.885683764325899,1.456572795821165
20250522,600396.SH,华电辽能,3.3647258281707764,4.432439520245501,0.5532293092636698
20250522,002297.SZ,博云新材,8.077142715454102,4.31495647454232,-3.547749299086278
20250523,605055.SH,迎丰股份,9.780732154846191,9.204461054546842,-6.484046737843574
20250523,000565.SZ,渝三峡A,10.47655963897705,8.49076251301164,0.8309267559518441
20250523,600644.SH,乐山电力,16.053359985351562,7.6867963060920586,0.32075702408214113
20250523,600281.SH,华阳新材,5.239643573760986,5.93018010115669,-0.7586123160803426
20250523,002809.SZ,红墙股份,14.482804298400879,5.866943369942024,-4.1849873402772575
20250526,000565.SZ,渝三峡A,10.463191986083984,12.429078603755528,-8.834709735275004
20250526,002651.SZ,利君股份,14.224464416503906,10.08070565603829,-4.766426303169946
20250526,002431.SZ,棕榈股份,2.730341911315918,8.09600581611254,-6.2727846405058685
20250526,600448.SH,华纺股份,3.889012098312378,6.710326641112019,-4.230412375896475
20250526,002809.SZ,红墙股份,14.14663028717041,6.525862534617977,-4.696822484111385
20250527,002040.SZ,南京港,11.369148254394531,11.521067057114,-6.617757170481454
20250527,600463.SH,空港股份,11.03188705444336,7.473409231839612,0.31392759000752335
20250527,600495.SH,晋西车轴,4.591350078582764,5.200378518355531,-1.2382971613030813
20250527,600448.SH,华纺股份,3.9191579818725586,4.986651779135776,3.327890247335219
20250527,002229.SZ,鸿博股份,16.971773147583008,4.526738140070541,-4.106476930814362
20250528,002727.SZ,一心堂,17.948081970214844,5.056549225963547,-1.0407856942290516
20250528,603332.SH,苏州龙杰,19.30684471130371,5.033376690831282,-3.204946338256076
20250528,603725.SH,天安新材,8.297568321228027,4.6075649604112145,-3.0867545190685464
20250528,600448.SH,华纺股份,3.9770171642303467,4.542279243469238,-2.645254135131836
20250528,600610.SH,中毅达,15.663359642028809,3.169591675581218,-0.16612970192013687
20250529,600610.SH,中毅达,14.491905212402344,5.095717532575628,-1.2089907630415953
20250529,600476.SH,湘邮科技,18.7981014251709,4.5896216544179635,0.45070481107563065
20250529,003033.SZ,征和工业,46.12010955810547,4.474040910044841,-3.1000223329524346
20250529,600505.SH,西昌电力,15.694875717163086,4.243073282362531,-1.1554189875156107
20250529,605016.SH,百龙创园,28.007461547851562,3.4441750286060335,-0.14740068887926228
20250530,603639.SH,海利尔,15.626708984375,9.107531999286866,-2.678371730603679
20250530,603630.SH,拉芳家化,25.346086502075195,7.119149579404382,2.796366269582795
20250530,002811.SZ,郑中设计,11.370655059814453,6.883051078194113,4.338223132763197
20250530,600644.SH,乐山电力,15.214787483215332,5.782997708360682,-2.6473062147844395
20250530,002364.SZ,中恒电气,16.47544288635254,5.075427880710048,-1.8684504228994259
20250603,002651.SZ,利君股份,11.477575302124023,10.139317457016395,-7.170803982334251
20250603,002136.SZ,安纳达,11.132017135620117,10.047635101902564,-4.892595909678499
20250603,600610.SH,中毅达,13.433642387390137,9.847625218343214,-1.6410533903568725
20250603,002735.SZ,王子新材,19.420183181762695,8.22281597469079,-6.61532967358478
20250603,603630.SH,拉芳家化,25.5200138092041,7.99499731973925,-5.023428594578516
20250604,002471.SZ,中超控股,5.512064456939697,7.178515594647972,-3.1305739504519092
20250604,002973.SZ,侨银股份,13.482171058654785,7.065566500326748,2.5977269151157056
20250604,002040.SZ,南京港,10.031404495239258,6.489309168463175,5.6830252176575335
20250604,603332.SH,苏州龙杰,15.772320747375488,5.726644489797916,1.7410388897718398
20250604,600817.SH,宇通重工,12.12817096710205,5.156258791071888,-2.92413627169259
20250605,601022.SH,宁波远洋,9.728732109069824,8.147206002926687,-1.2569524179493863
20250605,603332.SH,苏州龙杰,16.473186492919922,7.201788534966447,0.015696872670756257
20250605,002366.SZ,融发核电,7.018116474151611,5.708613991737366,0.6370335817337036
20250605,002040.SZ,南京港,10.173858642578125,5.583127339680982,-3.251282941727407
20250605,603333.SH,尚纬股份,9.006011962890625,4.252094692654085,-1.742047733730745
20250606,000565.SZ,渝三峡A,9.900270462036133,12.6280063536109,1.851113734206522
20250606,002366.SZ,融发核电,7.048294544219971,10.063525052529387,-5.323172171678903
20250606,603657.SH,春光科技,25.670976638793945,8.985614776611328,2.5409836035508393
20250606,002190.SZ,成飞集成,38.669586181640625,8.513199842447584,2.523891850015736
20250606,603839.SH,安正时尚,7.803977012634277,7.751334039919389,-5.442567365887574
20250609,002040.SZ,南京港,9.959444046020508,5.131376446701408,1.1871041275384853
20250609,002651.SZ,利君股份,10.902241706848145,4.183740745302766,-0.9989332289717323
20250609,002345.SZ,潮宏基,14.53758716583252,3.9605264182263067,-1.4403817760649806
20250609,000665.SZ,湖北广电,5.553924560546875,3.8520759821768724,-1.3606679979516922
20250609,603086.SH,先达股份,9.312745094299316,3.8088267535595577,-1.706637923483556
20250610,002491.SZ,通鼎互联,5.913498401641846,9.619102541499846,3.4761311805585393
20250610,002366.SZ,融发核电,7.151430130004883,4.458894400761038,-2.9921235709354788
20250610,603123.SH,翠微股份,12.905780792236328,3.7273332476615906,-3.521084785461426
20250610,002735.SZ,王子新材,16.625347137451172,3.389478799800205,2.3366854983725815
20250610,600082.SH,海泰发展,4.564223289489746,3.3433834155956355,-2.0644214047696563
20250611,002471.SZ,中超控股,6.229434013366699,5.3724471171190835,-2.7858879156173355
20250611,603937.SH,丽岛新材,10.161606788635254,5.1277584499783035,-1.9527898894415863
20250611,002177.SZ,御银股份,7.749509811401367,4.47792063092507,-1.2586007913981678
20250611,002639.SZ,雪人集团,11.998846054077148,4.100994562055815,-0.5491766044692481
20250611,002735.SZ,王子新材,16.326717376708984,4.0661471353676815,-3.182170435579912
20250612,603332.SH,苏州龙杰,19.723892211914062,12.590770528774065,-0.13296002089375758
20250612,002177.SZ,御银股份,7.576976776123047,8.49957784016928,-4.59811051686605
20250612,002546.SZ,新联电子,6.016180038452148,7.9709898712002625,1.7867761394337878
20250612,002040.SZ,南京港,12.267770767211914,5.076241006656579,-4.033258496498582
20250612,000701.SZ,厦门信达,6.427578926086426,4.303012942296092,-3.320033963243696
20250613,001222.SZ,源飞宠物,21.414613723754883,7.468749324334056,0.7429984662805422
20250613,603518.SH,锦泓集团,12.614233016967773,5.439234836015183,1.0821389555213168
20250613,603839.SH,安正时尚,7.447873115539551,4.846812583304727,-1.2105867669389037
20250613,603683.SH,晶华新材,16.185434341430664,4.662142114455303,-1.9851926104504702
20250613,002735.SZ,王子新材,16.037322998046875,4.352350264149685,-2.015001110345205
20250616,605388.SH,均瑶健康,9.187894821166992,7.4428348750858575,-3.8038598312126526
20250616,603232.SH,格尔软件,16.080350875854492,6.059048862569405,-4.384764162720134
20250616,001222.SZ,源飞宠物,21.914947509765625,6.026159635227479,-2.852962221692157
20250616,605136.SH,丽人丽妆,10.992086410522461,5.355153374347199,-2.6535863944706417
20250616,603683.SH,晶华新材,16.206680297851562,5.062821191283651,-3.6889641223579517
20250617,605388.SH,均瑶健康,8.790328025817871,5.781989627414275,5.073213577270508
20250617,600315.SH,上海家化,22.21831703186035,3.0933442891624807,-0.5024768534700463
20250617,002181.SZ,粤传媒,7.425424575805664,2.8053970127315253,-0.5679915239522604
20250617,603983.SH,丸美生物,43.64588928222656,2.5718129316256277,-2.3497510835216895
20250617,003040.SZ,楚天龙,17.9239559173584,2.5540922598007665,-1.5514902760494165
20250618,000701.SZ,厦门信达,7.409946441650391,5.621532303571053,-4.333497013270704
20250618,002735.SZ,王子新材,16.70524787902832,4.35936106813648,-2.6420076201402853
20250618,600576.SH,祥源文旅,8.569602966308594,4.247391589580141,-2.108919254841246
20250618,002550.SZ,千红制药,9.216774940490723,4.18438790867377,1.2194837472592424
20250618,002250.SZ,联化科技,13.229101181030273,4.090152400554992,-0.5055788629216629
20250619,002734.SZ,利民股份,22.665353775024414,6.654558746949735,-2.385768848417902
20250619,002348.SZ,高乐股份,4.167093276977539,6.201901960601086,-0.33768569453482833
20250619,003010.SZ,若羽臣,81.56546020507812,5.186837531076893,4.749009112499736
20250619,603980.SH,吉华集团,5.03552770614624,4.572771162835099,-1.193363854058993
20250619,603076.SH,乐惠国际,32.98276138305664,4.229113287755015,-2.2273973434359107
20250620,600353.SH,旭光电子,12.096721649169922,7.517380166380305,-3.8233578272313773
20250620,002365.SZ,永安药业,26.41907501220703,7.438886690439661,-3.3257568407358606
20250620,003010.SZ,若羽臣,83.87419128417969,6.7662471513488365,-3.914039722855356
20250620,600232.SH,金鹰股份,6.527994155883789,6.713237673041905,-2.7615078551080474
20250620,600650.SH,锦江在线,15.187236785888672,6.440397168769207,-1.8534257763721973
20250623,600468.SH,百利电气,6.966955184936523,6.8659533153880625,-1.7216211015527838
20250623,603373.SH,安邦护卫,43.648475646972656,6.100500691747768,-4.293708602102986
20250623,002015.SZ,协鑫能科,11.144075393676758,5.716619598731576,-2.2925177316987178
20250623,002104.SZ,恒宝股份,14.319414138793945,5.714319346574559,-2.117597844120911
20250623,600353.SH,旭光电子,11.78561782836914,5.0496403032701975,-4.513208370220667
20250624,002015.SZ,协鑫能科,11.765410423278809,3.5331678347890083,-2.8729394464433122
20250624,605198.SH,安德利,40.71190643310547,3.1977303542225055,0.6953010943919091
20250624,001222.SZ,源飞宠物,19.97702980041504,2.9546228469227165,-1.04896047116525
20250624,600315.SH,上海家化,21.33675765991211,2.8677288821298053,-2.2608836511034403
20250624,003040.SZ,楚天龙,23.506118774414062,2.6099236275086035,2.378525040879409
20250625,002109.SZ,兴化股份,4.103048324584961,6.2432755815221785,0.000603458278303215
20250625,605198.SH,安德利,41.38505554199219,5.6152283109010215,-4.020367684911519
20250625,603657.SH,春光科技,36.004844665527344,5.1892208904533055,-0.7296710662538564
20250625,002374.SZ,中锐股份,3.000535726547241,4.5356686092266285,-2.6164139198720404
20250625,605099.SH,共创草坪,35.94416809082031,4.369896885330338,-4.2994269332828905
20250626,600468.SH,百利电气,7.181583881378174,7.028192943996858,-0.09326272540621794
20250626,003040.SZ,楚天龙,21.456735610961914,5.9761548758539895,-3.6752212172539434
20250626,603657.SH,春光科技,34.75387191772461,4.361649043944293,-0.19920831986823817
20250626,002366.SZ,融发核电,8.040428161621094,4.04546512580064,-0.1775818581906785
20250626,002463.SZ,沪电股份,43.306827545166016,3.6895462196124162,-1.2478897970493286
20250627,603093.SH,南华期货,21.119033813476562,9.251145190777743,-1.2703307677928377
20250627,603518.SH,锦泓集团,10.276063919067383,6.277963632564387,-2.488686362435244
20250627,002104.SZ,恒宝股份,17.325111389160156,4.6199210980897965,-2.8742419571786026
20250627,603977.SH,国泰集团,12.485708236694336,4.44817069938801,-1.3238913007705078
20250627,603238.SH,诺邦股份,17.471290588378906,4.1350114057915555,1.0759139471816948
20250630,002657.SZ,中科金财,29.293424606323242,9.503667399948812,-8.830355060529005
20250630,003040.SZ,楚天龙,23.10898780822754,6.341427248846143,-4.3685412995849715
20250630,002017.SZ,东信和平,16.689878463745117,5.543537398435183,-3.043173797436838
20250630,002015.SZ,协鑫能科,12.877272605895996,4.897364997562459,-1.5182067056026094
20250630,002250.SZ,联化科技,11.069828033447266,4.705983157610993,-3.3808980052827176
20250701,002878.SZ,元隆雅图,24.009557723999023,6.015320086397247,-2.4420430570123886
20250701,002250.SZ,联化科技,11.131107330322266,5.4805755615234375,-2.5627266276966543
20250701,603093.SH,南华期货,22.121713638305664,3.730232225597674,-0.5707781396626865
20250701,000554.SZ,泰山石油,7.107233047485352,3.3227547226687415,0.6262746937239161
20250701,002015.SZ,协鑫能科,14.358810424804688,3.2898910423875716,-2.8531152313763686
20250702,603948.SH,建业股份,24.289825439453125,7.476182638222517,5.148851023306045
20250702,600722.SH,金牛化工,6.359630584716797,6.305948593331578,-4.197118192348825
20250702,603212.SH,赛伍技术,12.386370658874512,6.298236209658947,4.972847200866437
20250702,002017.SZ,东信和平,17.297359466552734,5.453725580640145,5.404286275577452
20250702,002846.SZ,英联股份,18.280290603637695,5.3421534514904945,-4.134954030901383
20250703,600152.SH,维科技术,7.427647590637207,6.8624483572470085,-1.0836498157398067
20250703,002265.SZ,建设工业,27.151914596557617,5.6270224543293335,-0.04343431792437347
20250703,002017.SZ,东信和平,16.591846466064453,4.837070990376469,-2.7238042246402028
20250703,001313.SZ,粤海饲料,8.003700256347656,4.652845126622296,-2.549795344602801
20250703,603091.SH,众鑫股份,65.44580841064453,4.520654901796073,-2.460890749186162
20250704,603928.SH,兴业股份,20.618141174316406,8.977113254480763,-5.228101684650088
20250704,002846.SZ,英联股份,16.73457908630371,6.699289369189043,-2.662048584736487
20250704,002940.SZ,昂利康,43.111602783203125,5.701354817418469,-1.0580978325616996
20250704,002878.SZ,元隆雅图,20.58308982849121,4.738469180382299,-2.0391145242532716
20250704,002365.SZ,永安药业,28.310592651367188,4.660640756991219,0.4583910160266935
20250707,003040.SZ,楚天龙,23.07832908630371,7.845362475397666,-1.4836803500944962
20250707,603212.SH,赛伍技术,13.217382431030273,5.722656545712956,-2.3237513017284828
20250707,600819.SH,耀皮玻璃,6.8310136795043945,5.093316204890241,-4.522654303222029
20250707,002878.SZ,元隆雅图,20.175155639648438,4.987421035766593,-2.345187664031978
20250707,002017.SZ,东信和平,16.553302764892578,4.452253838383036,-2.8994990141596677
20250708,001236.SZ,弘业期货,14.522920608520508,5.535019649548478,-1.5889139657609963
20250708,601003.SH,柳钢股份,4.883175849914551,4.576361806769125,-2.3077851847598474
20250708,003029.SZ,吉大正元,29.879796981811523,3.8832916311754673,-0.17359407025261397
20250708,002878.SZ,元隆雅图,20.5385799407959,3.556153121267913,-1.7318666594569265
20250708,002015.SZ,协鑫能科,14.257635116577148,3.181762112106523,1.282796419023069
20250709,002612.SZ,朗姿股份,18.656776428222656,7.5885792904066385,-5.650343765208965
20250709,600643.SH,爱建集团,6.602694511413574,5.797120653060039,4.7892211992484945
20250709,002017.SZ,东信和平,18.009613037109375,5.45094769836898,-2.964282899395121
20250709,601718.SH,际华集团,3.97520112991333,4.2862131138040604,-2.0781284630900787
20250709,002735.SZ,王子新材,15.788166046142578,4.2775041497355115,-1.1840840177095746
20250710,001210.SZ,金房能源,17.860361099243164,8.422039786923886,-3.4448084731801387
20250710,600819.SH,耀皮玻璃,7.021202087402344,6.794749159265057,2.759932270258103
20250710,600113.SH,浙江东日,29.00566864013672,6.539499745882438,-4.173648899321947
20250710,603155.SH,新亚强,16.87398910522461,6.020128840628547,1.4561537362132837
20250710,603200.SH,上海洗霸,47.94529724121094,5.984514499187421,0.489300950283611
20250711,600819.SH,耀皮玻璃,6.9058122634887695,9.804498990707833,-4.716621775559471
20250711,002104.SZ,恒宝股份,21.53591537475586,7.413028039308056,1.8792839383410698
20250711,002579.SZ,中京电子,13.487870216369629,6.076907394523912,2.631641061682455
20250711,002940.SZ,昂利康,38.15137481689453,5.692981275835907,-0.6032704226351049
20250711,002882.SZ,金龙羽,34.60343933105469,5.33773786513887,-3.2240008746153404
20250714,600698.SH,湖南天雁,10.702375411987305,5.915363979071975,-5.73659315635604
20250714,600113.SH,浙江东日,30.693876266479492,5.347617947009886,-1.2022005868991048
20250714,002463.SZ,沪电股份,48.8886833190918,4.342368040758271,-2.8438537436877187
20250714,002940.SZ,昂利康,37.74559783935547,4.3264209311201896,0.8008117168396112
20250714,603228.SH,景旺电子,49.05183792114258,3.9321290940963483,-3.8677914561977333
20250715,000655.SZ,金岭矿业,9.21340274810791,8.033035992278892,-1.177789985939004
20250715,600622.SH,光大嘉宝,3.296145439147949,4.818496762252433,-3.350001137431091
20250715,605198.SH,安德利,44.489681243896484,4.4657165289307965,-1.2033071176642984
20250715,605122.SH,四方新材,17.591381072998047,4.026091315022273,-2.932121699284651
20250715,002579.SZ,中京电子,13.165441513061523,3.3793620274588987,-2.656811923016811
20250716,605500.SH,森林包装,12.774688720703125,5.808647662635091,-4.025973152878137
20250716,002623.SZ,亚玛顿,26.191940307617188,4.402134593149487,-0.8456228091110685
20250716,002189.SZ,中光学,25.55409812927246,4.034564008556196,-2.1208760792431836
20250716,600475.SH,华光环能,15.21726131439209,3.636257191921799,-1.1940410796632106
20250716,603089.SH,正裕工业,14.750057220458984,2.934136084178185,-2.265706756483654
20250717,600698.SH,湖南天雁,9.984451293945312,5.986399454874802,-1.5602915017335128
20250717,002235.SZ,安妮股份,9.676570892333984,5.171896115378227,-3.967645603591463
20250717,002623.SZ,亚玛顿,26.625295639038086,4.137069970812801,-2.1007791536699294
20250717,003040.SZ,楚天龙,27.766403198242188,4.080598246994183,-2.9208925683652964
20250717,002463.SZ,沪电股份,51.244606018066406,4.032484220945398,-3.3866425247923493
20250718,002104.SZ,恒宝股份,25.134458541870117,7.8373736706429,-6.682095917080666
20250718,603928.SH,兴业股份,16.087345123291016,6.333478744594467,-0.6273850137757941
20250718,002017.SZ,东信和平,18.56694221496582,4.422937427765317,2.28147062079771
20250718,600288.SH,大恒科技,11.179830551147461,3.7793360844669444,-1.9953896093239942
20250718,605277.SH,新亚电子,24.934585571289062,3.1423781327399203,-0.3869976318928714
20250721,600110.SH,诺德股份,5.8346757888793945,6.466977600415014,-5.641637063315685
20250721,605500.SH,森林包装,14.232187271118164,6.1354488911461225,-4.674689590522085
20250721,002900.SZ,哈三联,16.38010597229004,5.412503961515758,-2.433926647760609
20250721,002329.SZ,皇氏集团,4.3491973876953125,4.781006867030868,-2.262670139096823
20250721,002384.SZ,东山精密,56.556480407714844,4.775243575011734,-4.372765024954672
20250722,603115.SH,海星股份,19.43362808227539,6.948486894184036,-5.82243050109188
20250722,002623.SZ,亚玛顿,22.567590713500977,6.0793322564336005,2.583327153736459
20250722,001287.SZ,中电港,22.298002243041992,5.781574512038179,-0.3444068734030026
20250722,003040.SZ,楚天龙,25.246566772460938,5.563502990570912,-3.4238666979267363
20250722,002104.SZ,恒宝股份,21.93170166015625,4.895408852269489,-4.038646153138936
20250723,002401.SZ,中远海科,20.308727264404297,6.487691228660841,4.189544782925858
20250723,605500.SH,森林包装,11.459745407104492,5.5808887401017415,-3.642792739197498
20250723,605162.SH,新中港,9.595046997070312,5.034283897609071,-3.1117428243043976
20250723,603200.SH,上海洗霸,56.75767517089844,5.017710280877008,-2.2302945445941136
20250723,603716.SH,塞力医疗,25.578956604003906,4.919268506387664,-0.8352608732314915
20250724,603176.SH,汇通集团,6.634081840515137,12.331432850269298,1.208505696965112
20250724,002104.SZ,恒宝股份,22.46365737915039,7.203375959036795,-5.780072395530689
20250724,605500.SH,森林包装,11.173296928405762,4.338029085038131,-0.6903493543190198
20250724,600376.SH,首开股份,2.8380699157714844,4.30235744786347,2.0299218147466602
20250724,603018.SH,华设集团,9.045798301696777,4.253988813201937,-0.7449661382896489
20250725,603193.SH,润本股份,34.82915115356445,9.016097415038548,-0.3230374842169592
20250725,600513.SH,联环药业,17.26708984375,7.601698316103178,-3.1992864365643303
20250725,600774.SH,汉商集团,10.873730659484863,6.5108278295495925,-5.983616580893258
20250725,600826.SH,兰生股份,13.909817695617676,5.893644117030239,-3.8119068458413397
20250725,603590.SH,康辰药业,58.12702941894531,5.419108973832687,-2.001799061613463
20250728,601003.SH,柳钢股份,7.502018451690674,10.165546635516009,-4.780041781693134
20250728,001324.SZ,长青科技,22.714763641357422,8.368896899961008,-6.543269063227908
20250728,603200.SH,上海洗霸,59.16020965576172,5.346559040052878,-4.27837703795797
20250728,002266.SZ,浙富控股,4.460009574890137,5.319710970902891,-4.315218609484095
20250728,600537.SH,亿晶光电,4.091351509094238,5.309381717588857,-4.575729660871564
20250729,600117.SH,西宁特钢,3.468247413635254,6.673501754013178,-2.7394609080267918
20250729,600801.SH,华新水泥,16.54160499572754,5.805874479830653,3.2565762578744994
20250729,002579.SZ,中京电子,12.701597213745117,4.2161874816603495,-2.527770935446738
20250729,002940.SZ,昂利康,57.584686279296875,3.7594587538778867,-2.3781464037301525
20250729,603256.SH,宏和科技,23.04483985900879,3.6400433216184913,-0.15331464318619759
20250730,605277.SH,新亚电子,28.971134185791016,6.0513441467319184,1.9863946571154312
20250730,600801.SH,华新水泥,17.13848304748535,5.133509339910458,0.5370145482325839
20250730,603386.SH,骏亚科技,14.921106338500977,4.634715960575986,-2.2183090775877545
20250730,002225.SZ,濮耐股份,6.753958225250244,4.621410030519502,1.5036649863674478
20250730,603716.SH,塞力医疗,31.341848373413086,3.261466270606017,-3.1336421155235827
20250731,605277.SH,新亚电子,31.251737594604492,7.295102727835223,0.023008288585435466
20250731,601696.SH,中银证券,16.353225708007812,6.556381519206345,-2.756043800576591
20250731,002827.SZ,高争民爆,54.39040756225586,6.546525221403265,-4.812720866073561
20250731,603716.SH,塞力医疗,30.59054183959961,6.251482903359196,-3.7227920514937507
20250731,603916.SH,苏博特,12.230661392211914,4.8023134341028895,4.549070377367159
20250801,001359.SZ,平安电工,51.74864959716797,8.01994734515057,-5.222842784883275
20250801,002827.SZ,高争民爆,51.73958969116211,7.616624485073165,-5.1410380948405665
20250801,603093.SH,南华期货,23.178462982177734,6.775810874401511,-0.5087570884042991
20250801,600010.SH,包钢股份,2.701702356338501,6.428351987250225,1.3133772243797637
20250801,002384.SZ,东山精密,61.28518295288086,6.0693500007550805,-4.107769948137507
20250804,605277.SH,新亚电子,29.229949951171875,5.922089588713875,-4.261299508159855
20250804,002940.SZ,昂利康,59.90623092651367,4.574327870675399,-0.9253234000097477
20250804,603119.SH,浙江荣泰,55.553131103515625,4.280123245618261,-3.4599730866463174
20250804,002463.SZ,沪电股份,55.18083953857422,4.2311848293655085,-2.1908313406556745
20250804,603590.SH,康辰药业,64.88351440429688,4.068567281780067,-2.8319601174104925
20250805,600326.SH,西藏天路,18.110443115234375,8.676488971328089,-8.263569336723586
20250805,603229.SH,奥翔药业,11.495849609375,7.264943343888852,-6.292550993248569
20250805,002793.SZ,罗欣药业,6.120139122009277,4.945752204534082,-0.4520802863464901
20250805,002265.SZ,建设工业,40.41762161254883,4.40475062320107,-1.2619517529022684
20250805,603716.SH,塞力医疗,29.33043098449707,4.380158911668031,2.5335971661804013
20250806,603256.SH,宏和科技,24.775787353515625,9.028246219946334,-4.412768236979514
20250806,603716.SH,塞力医疗,28.951702117919922,8.228916232868766,1.236743037983512
20250806,002940.SZ,昂利康,59.852909088134766,7.921536761000114,-3.1319160127298407
20250806,000679.SZ,大连友谊,8.667522430419922,7.553751455188484,-0.6382984630132205
20250806,603228.SH,景旺电子,63.221160888671875,6.535578515941287,-1.6906343635305188
20250807,603176.SH,汇通集团,7.110777854919434,8.646817741762035,2.3522143272218132
20250807,603716.SH,塞力医疗,28.510141372680664,7.311860762815425,-5.537238478023099
20250807,000679.SZ,大连友谊,8.710053443908691,6.124941934675188,-0.01983410560044696
20250807,603179.SH,新泉股份,48.36480712890625,6.036505327324604,-3.682017735437637
20250807,605259.SH,绿田机械,28.247228622436523,6.001906452132211,-0.649163733979452
20250808,600853.SH,龙建股份,4.019009590148926,8.904908770190723,-3.5686629423876237
20250808,600117.SH,西宁特钢,3.750515937805176,6.998404072974007,5.463726779957501
20250808,000558.SZ,天府文旅,6.04998779296875,6.555783508608015,-0.7562590125423263
20250808,603280.SH,南方路机,53.17401885986328,6.109122882587781,1.9491942912190696
20250808,600513.SH,联环药业,21.816274642944336,5.980458463983873,-5.267676238500796
20250811,603059.SH,倍加洁,38.14748764038086,7.7925563185899716,-2.651331478393315
20250811,002940.SZ,昂利康,54.86049270629883,6.368587521731572,-4.748251997435471
20250811,600117.SH,西宁特钢,3.954484701156616,6.059210306303497,-3.0472168465504046
20250811,600619.SH,海立股份,19.156005859375,5.609817478344237,-4.5192716110383335
20250811,600143.SH,金发科技,13.865381240844727,5.511623665741161,-2.640733857183508
20250812,603059.SH,倍加洁,33.70069885253906,7.895117428306375,3.32244591213684
20250812,600326.SH,西藏天路,16.61859893798828,6.7584363369329825,-1.6620793296407532
20250812,603280.SH,南方路机,55.55778503417969,5.792395978755183,-1.9445260122224584
20250812,002097.SZ,山河智能,17.960865020751953,5.390862864899515,-2.482820816929654
20250812,600117.SH,西宁特钢,3.921217441558838,5.389758032195413,0.49261633230714974
20250813,600425.SH,青松建化,4.793289661407471,11.165890412480328,0.555106033323427
20250813,002543.SZ,万和电气,13.135536193847656,6.830800189736963,-0.15314452550108104
20250813,605598.SH,上海港湾,30.522735595703125,6.40952089152711,-5.30652896295174
20250813,002205.SZ,国统股份,16.01011085510254,5.264660021243528,-4.3889808516971
20250813,603200.SH,上海洗霸,67.68993377685547,3.9107597448141185,-0.06367021465321088
20250814,600425.SH,青松建化,4.71686315536499,7.8107730381116625,-4.6514822052337035
20250814,600075.SH,新疆天业,4.711967945098877,6.7851027136328845,-4.194761533657521
20250814,002775.SZ,文科股份,4.592194557189941,4.4404842848374315,-0.3687305977959854
20250814,000010.SZ,美丽生态,4.503171920776367,4.391136084850511,0.7147690937947315
20250814,603200.SH,上海洗霸,68.9400634765625,4.254156267133502,-0.8924170351984229
20250815,603937.SH,丽岛新材,11.69479751586914,5.856119702978546,-3.487188595736024
20250815,000010.SZ,美丽生态,4.48848819732666,5.5074167681169905,-0.4475450730538455
20250815,600513.SH,联环药业,25.52625274658203,5.353020446373691,-4.805786218030983
20250815,603767.SH,中马传动,33.55393600463867,5.279241277072377,-2.3765749908313927
20250815,601138.SH,工业富联,44.146690368652344,5.018837516471564,-1.8941538259220625
20250818,603767.SH,中马传动,32.538185119628906,7.572575609605048,-4.385462381890681
20250818,603800.SH,洪田股份,52.98755645751953,7.449169182665116,-1.4061315588551837
20250818,600203.SH,福日电子,17.612680435180664,5.79107590789516,-3.5968772859066966
20250818,002896.SZ,中大力德,130.2782440185547,5.248879181822974,-4.780070269612735
20250818,002795.SZ,永和智控,4.984019756317139,4.01361867001182,-3.4847864255248773
20250819,600749.SH,西藏旅游,28.874149322509766,8.77114275227422,0.3055922363115471
20250819,603516.SH,淳中科技,125.6571044921875,7.344522056622549,-2.7615072024086196
20250819,600326.SH,西藏天路,16.891977310180664,7.2256777767844005,-3.1609561521682483
20250819,002940.SZ,昂利康,50.89323043823242,6.173145823897541,-2.8494293418979133
20250819,600246.SH,万通发展,10.397945404052734,6.013542923897441,-4.869571608143208
20250820,603800.SH,洪田股份,48.77672576904297,11.248419287764321,-3.248916919355893
20250820,603516.SH,淳中科技,114.79879760742188,7.165264707034247,-0.22564535946889563
20250820,000066.SZ,中国长城,17.44685173034668,6.23344755008115,0.09049532465610355
20250820,002148.SZ,北纬科技,12.48321533203125,5.759973533309615,-0.1189284622247877
20250820,000011.SZ,深物业A,10.158615112304688,5.65485406787638,1.7856738518218007
20250821,603800.SH,洪田股份,53.025299072265625,8.28076435547187,-3.7336305170571737
20250821,002173.SZ,创新医疗,23.40350341796875,8.150664224024705,-5.442303975078389
20250821,600619.SH,海立股份,22.457687377929688,6.821195036976513,0.3196956031860543
20250821,601929.SH,吉视传媒,3.637665271759033,5.887797143724227,1.1414461665683273
20250821,603280.SH,南方路机,48.155967712402344,5.7368514955678185,-4.10992828545953
20250822,002017.SZ,东信和平,34.935997009277344,8.966446934020865,-3.8743893242522587
20250822,601606.SH,长城军工,64.42486572265625,7.327045325747394,-5.8921252738186825
20250822,603280.SH,南方路机,46.96113586425781,5.819948519793239,-3.470519478596068
20250822,002097.SZ,山河智能,17.32465362548828,5.357267369508767,-4.331735315081553
20250822,002245.SZ,蔚蓝锂芯,17.489179611206055,4.912439286820303,3.695101835843162
20250825,600658.SH,电子城,7.947422504425049,6.784345604214281,-6.2247444204348135
20250825,600203.SH,福日电子,16.125675201416016,6.714675270834536,-1.718004075793944
20250825,600410.SH,华胜天成,21.308944702148438,6.259953029483922,-3.0681975533011663
20250825,600510.SH,黑牡丹,7.546402454376221,4.8755875754985745,-4.280860147022447
20250825,603367.SH,辰欣药业,29.433801651000977,4.403747170825145,-3.7203761442263117
20250826,603280.SH,南方路机,46.62085723876953,9.353215819056393,-6.261320691902705
20250826,002575.SZ,群兴玩具,9.392361640930176,8.878790286549364,-3.6573943338896298
20250826,002468.SZ,申通快递,18.680904388427734,5.827703070833601,-1.3013190278031495
20250826,600743.SH,华远控股,2.1887526512145996,4.653695050407869,-0.05114056945385581
20250826,600203.SH,福日电子,15.634406089782715,4.536773999073551,0.7939797574226803
20250827,603516.SH,淳中科技,106.26194763183594,8.251722038294362,3.0341792997558015
20250827,600076.SH,康欣新材,2.875894069671631,7.074339095860305,0.8937754043160995
20250827,603256.SH,宏和科技,41.16405487060547,6.758223505970218,-6.427946081678626
20250827,002811.SZ,郑中设计,12.017385482788086,6.709346764305368,3.4919575164658934
20250827,600651.SH,飞乐音响,7.24013614654541,6.098296086991017,-3.804337462953278
20250828,600203.SH,福日电子,15.847808837890625,9.137047463629289,-4.238510608205193
20250828,002272.SZ,川润股份,19.72125244140625,7.711686854925359,-4.146778354158753
20250828,600410.SH,华胜天成,24.888839721679688,6.83798697048299,-2.274411068899518
20250828,002611.SZ,东方精工,20.18113899230957,6.438369311910996,-3.2575694679866984
20250828,002871.SZ,伟隆股份,19.27525520324707,5.681547003659992,-3.5387872698499967
20250829,601609.SH,金田股份,12.941035270690918,5.4718044044038905,-2.033681240594065
20250829,600410.SH,华胜天成,26.34554672241211,5.155600629099211,-0.731515226364321
20250829,000700.SZ,模塑科技,9.826562881469727,5.064682549026411,-0.7568122166667468
20250829,603716.SH,塞力医疗,32.71363067626953,4.977115043340485,-0.08452968655034976
20250829,002097.SZ,山河智能,15.654901504516602,4.831641390636343,1.6034243911535961
20250901,600326.SH,西藏天路,14.885631561279297,6.066880841515165,-1.7686212860855033
20250901,603256.SH,宏和科技,44.14886474609375,5.015287221140485,-3.6659787692874923
20250901,002104.SZ,恒宝股份,26.832386016845703,4.811818413129054,-2.8154576285330135
20250901,002837.SZ,英维克,102.55931091308594,4.5898223978576125,-1.5737805895062351
20250901,603101.SH,汇嘉时代,9.639470100402832,4.552291807327369,-1.173552723995419
20250902,002888.SZ,惠威科技,20.219043731689453,5.678236609097831,-4.022245934752622
20250902,601606.SH,长城军工,71.18569946289062,5.241530012376239,0.8416136386876882
20250902,605298.SH,必得科技,33.54710388183594,5.2403515329380035,-3.279522946302693
20250902,600246.SH,万通发展,13.330187797546387,4.550603078852133,0.7414247581903677
20250902,600113.SH,浙江东日,60.81378936767578,4.520221237025401,-2.2693507935875212
20250903,603083.SH,剑桥科技,90.21327209472656,11.536085968970045,-7.853355116209727
20250903,000799.SZ,酒鬼酒,68.14451599121094,6.111602875922029,-2.4354192844706635
20250903,002484.SZ,江海股份,35.253684997558594,5.3258392134386545,-4.595414746286131
20250903,600183.SH,生益科技,51.369476318359375,5.0477129763212725,-2.3376712895526452
20250903,601929.SH,吉视传媒,5.126964569091797,4.824875742493284,-1.2043197870728495
20250904,002389.SZ,航天彩虹,23.469770431518555,7.2343616883488115,-3.174850575153809
20250904,605055.SH,迎丰股份,8.600135803222656,6.618326965471777,0.05566545628776787
20250904,002046.SZ,国机精工,33.252288818359375,5.848645491458004,-2.461505927515062
20250904,600391.SH,航发科技,27.336563110351562,5.439447649491669,-5.360365621077201
20250904,603040.SH,新坐标,68.52922058105469,5.039926995239474,-3.932514031637102
20250905,000519.SZ,中兵红箭,19.029373168945312,10.004285795498745,-4.725092807702258
20250905,002837.SZ,英维克,88.32131958007812,8.285620789418658,2.25684205458927
20250905,600410.SH,华胜天成,19.53639793395996,7.8183048175549,-1.1535463806559454
20250905,601929.SH,吉视传媒,5.028432846069336,7.369844214504484,0.355108004497251
20250905,000988.SZ,华工科技,67.3260498046875,7.356558795733781,-1.8081501835969016
20250908,603626.SH,科森科技,15.613546371459961,11.87654626948753,-8.95262813324209
20250908,603757.SH,大元泵业,48.16421890258789,6.007090903767254,-0.0265899781961787
20250908,605289.SH,罗曼股份,46.39839172363281,5.529329549866291,-1.1170652979761941
20250908,002115.SZ,三维通信,10.87131118774414,5.351305655224814,-2.1367700391225597
20250908,002536.SZ,飞龙股份,25.521432876586914,5.272520173963247,-3.6483748922033765
20250909,601929.SH,吉视传媒,5.632661819458008,7.479461586235647,-6.1893432842094365
20250909,002837.SZ,英维克,91.632080078125,6.255868249745777,-2.0958401071702104
20250909,600410.SH,华胜天成,18.711139678955078,6.246048145541883,-3.0589840978717975
20250909,002560.SZ,通达股份,7.15872859954834,4.152233155657004,-2.494416529089638
20250909,603099.SH,长白山,48.689144134521484,4.007146316917898,-1.8048045067498464
20250910,603083.SH,剑桥科技,82.08763122558594,5.267785066572617,1.1921281043610898
20250910,002600.SZ,领益智造,13.799784660339355,5.213312119151303,2.087127681604173
20250910,603722.SH,阿科力,45.05501174926758,5.152980327565082,1.0585484065325446
20250910,002536.SZ,飞龙股份,25.44462013244629,5.016222208236698,-2.906673881750388
20250910,600113.SH,浙江东日,61.011016845703125,4.931781355584164,-0.9019071455973693
20250911,600021.SH,上海电力,22.109695434570312,10.241273524586703,-8.493454810451407
20250911,603626.SH,科森科技,14.987332344055176,9.31634704547517,-6.50389429269651
20250911,000657.SZ,中钨高新,19.855987548828125,9.23475522529027,-2.885635157928945
20250911,600410.SH,华胜天成,19.180479049682617,8.630371738986376,-5.331446014311769
20250911,600246.SH,万通发展,13.60492992401123,7.663066056946821,-0.5915733414334934
20250912,603256.SH,宏和科技,40.60641860961914,6.877799083726188,-3.3515033429118546
20250912,605298.SH,必得科技,42.34611129760742,5.424903238977441,-1.4940736532760068
20250912,601929.SH,吉视传媒,5.611537933349609,4.961147341405914,-1.9296830613650284
20250912,002733.SZ,雄韬股份,22.93128204345703,4.927036910659499,-0.6637204907784744
20250912,603259.SH,药明康德,106.9027328491211,4.8034358134015465,0.24431008709562274
20250915,002115.SZ,三维通信,13.913345336914062,7.9591326773475135,-6.177616841865308
20250915,002190.SZ,成飞集成,41.63002014160156,5.07668659185907,-3.4651263679493116
20250915,600475.SH,华光环能,16.22897720336914,5.029810505196064,0.0639957312257522
20250915,601929.SH,吉视传媒,6.121338844299316,5.02919769287109,-2.1153535842895588
20250915,002364.SZ,中恒电气,29.591064453125,4.467600367324054,-3.334495445138974
20250916,002547.SZ,春兴精工,6.14948844909668,8.466768971777828,-5.214690946079359
20250916,603285.SH,键邦股份,30.414039611816406,7.426049534008605,0.23614770167741383
20250916,002062.SZ,宏润建设,10.251282691955566,7.218461357110972,-3.4462645459217844
20250916,002759.SZ,天际股份,18.142894744873047,5.913492073690096,-4.491242968050169
20250916,605188.SH,国光连锁,19.7874755859375,4.4277667243657115,0.47998034130809497
20250917,603800.SH,洪田股份,57.711158752441406,5.431793807585117,-2.0297512728867817
20250917,002017.SZ,东信和平,26.62444496154785,5.098912458082716,0.0582166814103946
20250917,002181.SZ,粤传媒,8.631487846374512,4.910827421906072,-4.069346568905874
20250917,600702.SH,舍得酒业,67.40201568603516,4.50244454138935,3.2146933073328166
20250917,605068.SH,明新旭腾,30.875202178955078,4.445540481333543,-2.8105397157572654
20250918,601116.SH,三江购物,16.053491592407227,10.966515921176345,-7.729597942869159
20250918,002759.SZ,天际股份,18.527477264404297,8.905456337578443,-4.47435210544076
20250918,001202.SZ,炬申股份,22.571746826171875,8.457511448118037,-7.046815623110914
20250918,600246.SH,万通发展,14.802206039428711,7.169772984631639,4.098228789840541
20250918,601869.SH,长飞光纤,100.0416259765625,6.5912038247205595,0.8021030133625207
20250919,600246.SH,万通发展,15.398055076599121,11.215219801975929,-3.8761803024250474
20250919,001202.SZ,炬申股份,22.03506851196289,10.471323291604072,2.7896403445555107
20250919,002115.SZ,三维通信,11.796841621398926,7.477912419958965,0.7019987589196308
20250919,002048.SZ,宁波华翔,35.823143005371094,7.300359227331588,-4.685109616360417
20250919,603757.SH,大元泵业,54.33538818359375,7.190830020429417,1.2258797438205127
20250922,605288.SH,凯迪股份,115.401611328125,8.16051332343417,-6.8004432010410065
20250922,600601.SH,方正科技,11.530529022216797,6.722905215591957,-4.953796341949279
20250922,603222.SH,济民健康,13.559389114379883,5.978857728653364,-1.815889593540776
20250922,600376.SH,首开股份,7.674491882324219,5.977196338748136,-5.246782861136867
20250922,600103.SH,青山纸业,4.424445152282715,5.872083886648571,-4.7624838527069
20250923,605298.SH,必得科技,52.16261291503906,7.822302902214706,-5.9732116611256325
20250923,603516.SH,淳中科技,168.36041259765625,7.020020563161267,-5.480733686888817
20250923,603956.SH,威派格,7.1665873527526855,6.321728162172824,-3.622984414720265
20250923,603256.SH,宏和科技,40.709259033203125,4.657648810677739,-3.3244023547870816
20250923,002241.SZ,歌尔股份,35.97850799560547,4.034242917429376,-0.649808817131925
20250924,600376.SH,首开股份,7.576355934143066,7.800531013827405,-2.2462193399434227
20250924,002600.SZ,领益智造,15.243314743041992,6.427891107650452,1.6759081815256982
20250924,603222.SH,济民健康,11.894186019897461,5.995990342260726,-3.2028416337554377
20250924,002709.SZ,天赐材料,31.12778091430664,5.835967088734573,-2.768583121876267
20250924,605068.SH,明新旭腾,33.388362884521484,5.274029082837939,-2.8442676361332353
20250925,600162.SH,香江控股,2.1993203163146973,13.978586030611972,-7.930548641863089
20250925,600376.SH,首开股份,6.978357315063477,8.128863321223733,1.7202906205620483
20250925,001234.SZ,泰慕士,39.69890213012695,7.246426650596782,-2.0171188871634493
20250925,002600.SZ,领益智造,15.726957321166992,6.9954999947567265,-4.122056645986727
20250925,600699.SH,均胜电子,38.071746826171875,6.541648441341841,-3.3349535299768363
20250926,603618.SH,杭电股份,9.961004257202148,9.535406185053885,-6.132116350561745
20250926,002115.SZ,三维通信,11.052409172058105,7.432615746161164,0.8912115504154716
20250926,600376.SH,首开股份,7.105963230133057,5.903262823400368,-0.976108329396852
20250926,605298.SH,必得科技,45.65550994873047,5.575341562051128,1.7079836454835018
20250926,600699.SH,均胜电子,37.195465087890625,5.476963421215908,-2.250035462139155
20250929,601869.SH,长飞光纤,107.49978637695312,6.5299411025604215,-4.67388338934458
20250929,002517.SZ,恺英网络,27.983829498291016,5.815618691083979,0.3340385325403261
20250929,601598.SH,中国外运,7.24605131149292,5.52879100193302,-3.8451175443273478
20250929,603444.SH,吉比特,605.8706665039062,5.007806439482421,-1.1233355163099423
20250929,001234.SZ,泰慕士,30.252412796020508,4.834534925817224,-0.9518973254725394
20250930,603848.SH,好太太,19.97593116760254,7.471863111710464,-3.125689198791748
20250930,002549.SZ,凯美特气,23.09785270690918,4.405600310377933,-2.2717297328675334
20250930,002402.SZ,和而泰,53.30420684814453,4.321199828551658,-2.9582209083070854
20250930,002803.SZ,吉宏股份,19.153757095336914,4.250756907830833,-2.051296185502194
20250930,605117.SH,德业股份,110.53125762939453,3.445981352715699,-0.5670315148966543
20251009,600173.SH,卧龙新能,8.819962501525879,8.017867990673388,1.1298888467352386
20251009,603090.SH,宏盛股份,54.99555587768555,7.949981011610618,-4.1726134602809495
20251009,600580.SH,卧龙电驱,59.452457427978516,7.375849340447593,-3.3582305256958156
20251009,600167.SH,联美控股,9.374872207641602,7.0660744266964,-2.585158187048675
20251009,002062.SZ,宏润建设,10.65392780303955,6.808083877061555,-3.523413456307689
20251010,601069.SH,西部黄金,33.63916015625,11.863976739617055,-4.433104232125572
20251010,600173.SH,卧龙新能,9.308366775512695,7.753208705357162,-3.667470323976385
20251010,603301.SH,振德医疗,51.10558319091797,6.409161921525652,0.13593994595018088
20251010,002272.SZ,川润股份,17.4433536529541,6.3516466357592005,-0.8889359277251874
20251010,600895.SH,张江高科,49.35673904418945,5.4144429571959085,-1.2991651917751756
20251013,600410.SH,华胜天成,18.590682983398438,6.991690703983888,-1.872632312152711
20251013,002210.SZ,飞马国际,3.886528253555298,6.196216263696175,-3.5558937731837714
20251013,600895.SH,张江高科,49.52178192138672,5.670858735392259,-4.0035576081659086
20251013,603300.SH,海南华铁,7.929327011108398,5.428928339510408,-3.2225639463956846
20251013,002850.SZ,科达利,190.50184631347656,5.42825017474069,-4.433970130083353
20251014,600167.SH,联美控股,9.480164527893066,10.639666469574749,-6.756316759620029
20251014,002335.SZ,科华数据,66.60165405273438,6.873037922348479,3.489282054333964
20251014,600103.SH,青山纸业,3.4836690425872803,5.531830718151687,-3.004728717461491
20251014,002261.SZ,拓维信息,35.4687385559082,5.383917267433236,-0.43475141881681445
20251014,001332.SZ,锡装股份,71.9657211303711,5.065068725884014,-0.11379273673277623
20251015,002335.SZ,科华数据,63.042057037353516,8.179835315351225,-5.435763013041139
20251015,001309.SZ,德明利,254.8103790283203,7.098735550530955,-2.2397599790558553
20251015,002674.SZ,兴业科技,15.015063285827637,6.256286338196193,-4.547845055288513
20251015,000426.SZ,兴业银锡,36.56232452392578,6.152169715884148,-3.1249839320400596
20251015,600103.SH,青山纸业,3.71547269821167,6.033818920250544,-2.618654798362008
20251016,603156.SH,养元饮品,32.09193801879883,7.559251960330049,-2.7322360377276533
20251016,603083.SH,剑桥科技,104.75453186035156,7.034919444976784,-0.17765653754733268
20251016,000006.SZ,深振业A,12.436283111572266,6.560432747618794,-0.17683792267952914
20251016,603786.SH,科博达,93.45056915283203,4.952126677571567,-0.9212529879696119
20251016,603988.SH,中电电机,31.14212417602539,4.317993032031953,-1.1978875558583901
20251017,002460.SZ,赣锋锂业,64.03253173828125,6.899615471885956,-3.4245362822797443
20251017,603286.SH,日盈电子,45.07565689086914,6.428549799138095,-2.8007209646321307
20251017,600173.SH,卧龙新能,9.912846565246582,5.880098342895512,2.4923944473266513
20251017,000006.SZ,深振业A,10.785237312316895,5.857366037160561,-0.7855103005488528
20251017,603786.SH,科博达,95.8834228515625,5.613181490942276,-5.0859876196929665
20251020,002942.SZ,新农股份,25.2083683013916,8.966610681576025,-6.469696480137488
20251020,002869.SZ,金溢科技,27.863414764404297,7.119532185939392,-3.9346041073341054
20251020,600629.SH,华建集团,38.13615417480469,6.724846760912939,-2.8520401061255862
20251020,002902.SZ,铭普光磁,20.853023529052734,6.43558094450527,-3.018961128316411
20251020,603166.SH,福达股份,16.596712112426758,5.841699937386968,-0.5659024299185855
20251021,605050.SH,福然德,14.346538543701172,4.701796863532404,-2.8794762004215047
20251021,601137.SH,博威合金,23.93838119506836,4.566261897665469,-3.066841194774317
20251021,002029.SZ,七匹狼,9.590496063232422,4.419198669217406,-1.5501101861528532
20251021,002989.SZ,中天精装,28.00800323486328,4.18976901357242,-3.315145373561257
20251021,002246.SZ,北化股份,19.321754455566406,4.150184082215902,0.46196579565744855
20251022,600078.SH,澄星股份,9.90611457824707,3.6855034628896277,-2.6045838991800796
20251022,000014.SZ,沙河股份,22.150075912475586,3.2274613046369582,-1.1691540386569388
20251022,002759.SZ,天际股份,24.019428253173828,3.0854452644319297,-1.203263247268871
20251022,603686.SH,福龙马,25.69278907775879,2.8756310986327582,-1.1141144017974947
20251022,601212.SH,白银有色,5.608885765075684,2.7320800943577694,0.06711762002173938
20251023,600078.SH,澄星股份,9.23101806640625,12.444559733072902,-5.504201983546352
20251023,600629.SH,华建集团,37.79925537109375,10.12429010365279,-5.527272599004207
20251023,603878.SH,武进不锈,11.5269136428833,9.246768351139,7.120626496429994
20251023,601011.SH,宝泰隆,3.942180633544922,6.934458017349243,-5.189443627993273
20251023,600408.SH,安泰集团,2.896496534347534,5.894179179750636,-2.3879881562857808
20251024,600629.SH,华建集团,35.3318977355957,12.851366947800447,-7.1987086643583
20251024,600984.SH,建设机械,4.330415725708008,7.758987517583926,-4.530489444732666
20251024,600635.SH,大众公用,7.648615837097168,7.545596073058425,-3.0141285248442617
20251024,600167.SH,联美控股,9.097585678100586,6.928711235323992,-0.9468864166892965
20251024,002171.SZ,楚江新材,12.258516311645508,6.1834053343712725,-4.100479042015204
20251027,603301.SH,振德医疗,80.08200073242188,7.30767754016759,-5.747981896561161
20251027,003038.SZ,鑫铂股份,18.7023868560791,6.524920284684188,-3.5379495906932013
20251027,603686.SH,福龙马,25.366928100585938,6.149624473639559,-5.68707135151123
20251027,600376.SH,首开股份,6.366548538208008,5.982337951660166,-3.5415773391723526
20251027,600172.SH,黄河旋风,7.24166202545166,5.934944646111862,-5.0649627871897085
20251028,600681.SH,百川能源,4.627930164337158,4.58014568597922,-0.32860026472418813
20251028,600376.SH,首开股份,6.889261722564697,4.492722555648454,-1.3954617256342061
20251028,002971.SZ,和远气体,37.558868408203125,4.478703788556682,-2.268910690451298
20251028,002050.SZ,三花智控,48.765708923339844,4.105070349426332,1.2851473651580125
20251028,603848.SH,好太太,21.25967025756836,4.060576646070957,-3.5126039784700414
20251029,603938.SH,三孚股份,19.2045841217041,5.7583698919103865,-3.1820907936512155
20251029,000852.SZ,石化机械,7.871944904327393,4.204304850208329,-0.42716739424975003
20251029,002578.SZ,闽发铝业,3.6191327571868896,4.0385469146396735,-2.15402219606482
20251029,002160.SZ,常铝股份,5.178638935089111,3.83343511773635,0.06376800611038735
20251029,601212.SH,白银有色,5.195653915405273,3.700037896063302,0.5821480349874397
20251030,000852.SZ,石化机械,7.72321891784668,13.888994852701831,2.496170997619629
20251030,603938.SH,三孚股份,19.184385299682617,9.19854237443598,-0.642730791932733
20251030,600403.SH,大有能源,8.497509956359863,7.057388055226732,-1.3816987923133572
20251030,003033.SZ,征和工业,83.22356414794922,6.242415157518577,-1.9726653115985426
20251030,001231.SZ,农心科技,23.590970993041992,5.279830076232561,-4.014673818959413
20251031,600403.SH,大有能源,8.816054344177246,8.741352311309036,-2.6876241002609103
20251031,001309.SZ,德明利,329.20501708984375,8.117070812212223,-6.147625518729138
20251031,603530.SH,神马电力,40.4726448059082,5.588049097626624,-4.396682887708625
20251031,603009.SH,北特科技,49.78522491455078,5.470281178375713,-2.2209126298362136
20251031,000969.SZ,安泰科技,24.14199447631836,4.613092868979796,-2.853548259058014
20251103,002487.SZ,大金重工,51.43363571166992,5.620442453276642,-3.316555655315523
20251103,000559.SZ,万向钱潮,13.202133178710938,5.3408818350078935,-3.299475375810079
20251103,600629.SH,华建集团,22.731748580932617,5.0659576392958705,2.506301886155171
20251103,001309.SZ,德明利,325.2662658691406,4.8553555160027795,-3.499617620823048
20251103,002941.SZ,新疆交建,19.397842407226562,4.846857673923144,-1.7507664301408488
20251104,003033.SZ,征和工业,82.4307632446289,5.408297104346871,-5.267865767172686
20251104,002040.SZ,南京港,12.207576751708984,4.347896890208158,-0.6959727099569601
20251104,603508.SH,思维列控,31.115516662597656,4.172906659541931,-0.8831914560599508
20251104,603301.SH,振德医疗,92.67964172363281,3.5371464299142508,-2.3341422524711275
20251104,002517.SZ,恺英网络,25.34174346923828,3.365967855134877,-0.7084856178581012
20251105,603192.SH,汇得科技,29.11604118347168,6.966205740035281,-1.751807333295119
20251105,601138.SH,工业富联,75.40658569335938,4.91930920775796,-3.4733940360339277
20251105,000688.SZ,国城矿业,16.507160186767578,3.1882683194517147,-1.8924011285544218
20251105,605598.SH,上海港湾,33.070858001708984,3.0887149450310014,-2.206874207756182
20251105,603778.SH,国晟科技,4.856801509857178,3.0750572681427,-3.053780396779393
20251106,603192.SH,汇得科技,26.629013061523438,21.72848770193958,-9.733508603971863
20251106,001309.SZ,德明利,224.90679931640625,5.016600301970664,-0.5973689391742809
20251106,002320.SZ,海峡股份,15.06845474243164,4.619335818600345,0.3369227632299632
20251106,002160.SZ,常铝股份,5.615546703338623,3.9759485345137735,0.6386554032041358
20251106,000620.SZ,盈新发展,3.310946464538574,3.7802912972190184,1.216358127016015
20251107,603192.SH,汇得科技,26.00812339782715,11.134394957749482,-6.351676082027801
20251107,600078.SH,澄星股份,11.31837272644043,9.20439337805119,-1.5114178305946746
20251107,000592.SZ,平潭发展,9.16708755493164,8.14087129734431,-5.2282764858295305
20251107,603778.SH,国晟科技,5.068728446960449,6.75970330295792,-6.172934641321004
20251107,002333.SZ,罗普斯金,6.275922775268555,5.67428229691147,-3.968703901612902
20251110,600078.SH,澄星股份,12.309452056884766,8.535661170231034,-3.104922559792467
20251110,603192.SH,汇得科技,26.307777404785156,7.167268184811637,-6.140785083300893
20251110,600681.SH,百川能源,4.738533020019531,6.073147434972603,-4.264528535850021
20251110,600408.SH,安泰集团,4.041684627532959,5.216970395802245,-3.983984281070274
20251110,603823.SH,百合花,17.488012313842773,4.843714617300732,-4.455039121102589
20251111,603759.SH,海天股份,15.12224006652832,9.895305049120552,-2.3659021077381936
20251111,000592.SZ,平潭发展,8.86404037475586,8.457903995692174,-4.887437931845118
20251111,000014.SZ,沙河股份,16.48642349243164,5.245970754351603,-3.550064679418208
20251111,603119.SH,浙江荣泰,84.80064392089844,4.4631861620904045,2.3145909096223827
20251111,002679.SZ,福建金森,13.050751686096191,4.381869966751917,-1.6250267591667589
20251112,603052.SH,可川科技,35.44817352294922,6.164459965324087,-2.949240346894655
20251112,000592.SZ,平潭发展,8.748942375183105,5.5749153178897615,0.5711509230358347
20251112,000962.SZ,东方钽业,28.305749893188477,4.528063501799018,-3.2644509072676797
20251112,603067.SH,振华股份,32.85550308227539,4.1254828266443555,-2.741061263532596
20251112,000755.SZ,山西高速,5.745677471160889,3.8365636789199575,-1.9106967816939768
20251113,000620.SZ,盈新发展,3.187246799468994,9.456522659685618,3.256414521415274
20251113,600268.SH,国电南自,12.374846458435059,5.920285344984211,-3.4966280198422295
20251113,603301.SH,振德医疗,92.18989562988281,4.080410487333763,-2.4182982586710366
20251113,000592.SZ,平潭发展,8.990291595458984,4.020312842856,-1.8205016022662113
20251113,002772.SZ,众兴菌业,13.600831985473633,3.9912309219588105,-2.0659336403234585
20251114,603759.SH,海天股份,11.682113647460938,9.656348545262915,1.6299542617147944
20251114,000592.SZ,平潭发展,9.44213581085205,6.0984180477439365,1.6824000766472613
20251114,000599.SZ,青岛双星,7.031471252441406,5.724456462454297,2.1091374099677207
20251114,002885.SZ,京泉华,29.032276153564453,4.972006022687525,3.1241806423647933
20251114,605060.SH,联德股份,38.535804748535156,4.499994781968497,-3.8583194653604824
20251117,000592.SZ,平潭发展,10.425859451293945,10.612283734714278,-1.4477508909561898
20251117,000620.SZ,盈新发展,3.5098538398742676,8.923247490806151,-2.2523751204041265
20251117,603759.SH,海天股份,11.423051834106445,7.244052196748463,-6.613445103115878
20251117,002554.SZ,惠博普,3.8605260848999023,6.158680940797812,-3.3375042895372076
20251117,603978.SH,深圳新星,37.1376953125,5.953491143345979,-3.8376516017935014
20251118,000592.SZ,平潭发展,12.352689743041992,17.012747347902636,-9.064544751032644
20251118,603815.SH,交建股份,11.903322219848633,5.104984257759071,-2.108776368677412
20251118,603122.SH,合富中国,23.182960510253906,4.5832754183216196,-3.51208678814543
20251118,001266.SZ,宏英智能,32.34843826293945,4.40978349423875,-1.4404411409415507
20251118,002255.SZ,海陆重工,14.667834281921387,4.345458725486373,-4.247818654765045
20251119,000592.SZ,平潭发展,12.421733856201172,16.76644920406485,-11.066837896380498
20251119,002759.SZ,天际股份,42.9947624206543,7.023196450672664,-5.973733973868178
20251119,603815.SH,交建股份,11.659346580505371,6.399668424772109,-1.9173348127905943
20251119,000636.SZ,风华高科,17.182573318481445,6.317658737869003,-1.8807073090453263
20251119,000663.SZ,永安林业,8.465660095214844,5.36990931004655,-4.246206048094203
20251120,600078.SH,澄星股份,12.905281066894531,5.853776999505933,-3.8222706684844177
20251120,600408.SH,安泰集团,5.498469352722168,5.839362118970892,0.5778842643832993
20251120,603122.SH,合富中国,23.085678100585938,5.125683696330086,-2.063318661281044
20251120,000620.SZ,盈新发展,3.703000545501709,4.844033718109131,-0.0036252869499930895
20251120,002136.SZ,安纳达,13.575634002685547,4.8039065466986886,-2.0038175304033734
20251121,000592.SZ,平潭发展,12.456215858459473,16.368614840527428,-12.950486587103738
20251121,603778.SH,国晟科技,8.376235961914062,10.511838872784285,-1.6103498554584261
20251121,600097.SH,开创国际,14.175334930419922,6.735173186692789,-6.081237740182344
20251121,600403.SH,大有能源,8.389420509338379,6.5940030645377234,-0.5003000568109872
20251121,002702.SZ,海欣食品,5.323202610015869,6.171033914806756,-2.6752349242423312
20251124,001203.SZ,大中矿业,29.79080581665039,10.444228620783601,-2.512269443884718
20251124,600403.SH,大有能源,8.441943168640137,9.564177552412524,-8.025103115410403
20251124,003041.SZ,真爱美家,57.52772903442383,7.42113511100384,3.392051403677687
20251124,002451.SZ,摩恩电气,10.517656326293945,7.063910433354259,-3.1346214636591485
20251124,600751.SH,海航科技,4.054946422576904,6.866855911797076,-0.9327748100164568
20251125,002451.SZ,摩恩电气,10.164813995361328,12.366171892055732,8.30326370612351
20251125,002759.SZ,天际股份,39.786041259765625,6.3738503753987485,-3.185019322371585
20251125,603877.SH,太平鸟,16.344310760498047,6.3077114224800335,0.6706489986192166
20251125,002779.SZ,中坚科技,108.25706481933594,5.039051856329402,-0.16602481169301075
20251125,603032.SH,德新科技,19.64528465270996,5.001394226557343,-1.04139392168352
20251126,002451.SZ,摩恩电气,10.27787971496582,13.02576460511844,-6.421948352913054
20251126,000632.SZ,三木集团,5.6644415855407715,9.674535245976902,1.9257042143079994
20251126,001216.SZ,华瓷股份,18.265321731567383,7.58333867139156,-5.487099234158199
20251126,600403.SH,大有能源,8.352320671081543,7.531373093767879,-4.9940966978305745
20251126,600467.SH,好当家,2.852875232696533,7.5101413315148635,0.03718609432521447
20251127,002240.SZ,盛新锂能,33.79407501220703,8.765267654606301,-5.305956819522306
20251127,000678.SZ,襄阳轴承,13.932525634765625,6.923535054080521,-0.8063964968685555
20251127,003041.SZ,真爱美家,60.9801025390625,6.774998006131772,-2.2159255936550215
20251127,002512.SZ,达华智能,6.095985412597656,6.049310292629206,0.6129652459100354
20251127,600756.SH,浪潮软件,23.89040184020996,4.554982020937159,-3.146226241670802
20251128,603778.SH,国晟科技,10.965076446533203,11.62732538733582,-10.48161128440439
20251128,002240.SZ,盛新锂能,32.6241340637207,9.463259804212587,1.0232625036616483
20251128,002413.SZ,雷科防务,7.0816850662231445,9.05550814223015,-3.9802314221173862
20251128,003041.SZ,真爱美家,62.29296112060547,8.800547991196295,-3.8086762519829787
20251128,000620.SZ,盈新发展,3.1674697399139404,7.769125547164513,4.03919495069065
20251201,603122.SH,合富中国,22.127521514892578,7.6241564490432845,-2.132074068215184
20251201,603778.SH,国晟科技,11.26087760925293,4.684048011654718,0.26009534328943484
20251201,000572.SZ,海马汽车,9.037744522094727,4.6282316731140805,-0.7509065940316972
20251201,001309.SZ,德明利,221.80882263183594,4.430173949362626,-0.6908756811654593
20251201,000632.SZ,三木集团,6.26271390914917,4.171625054132955,-2.146611672033205
20251202,000632.SZ,三木集团,6.340776443481445,5.086985197173743,-2.5751247550501954
20251202,603353.SH,和顺石油,34.468055725097656,5.018489598009657,-1.4691845626131572
20251202,603122.SH,合富中国,22.536014556884766,4.252409811889857,0.24875449641845737
20251202,002213.SZ,大为股份,27.87387466430664,4.168765367427696,-1.7647548872376184
20251202,001203.SZ,大中矿业,30.761260986328125,4.108487252777193,-1.9853785188491013
20251203,603122.SH,合富中国,24.392663955688477,10.965379526917364,-3.867810320966125
20251203,000952.SZ,广济药业,9.299493789672852,7.584154618780881,-1.7906621372970832
20251203,600693.SH,东百集团,10.852767944335938,5.812193053117132,-0.923845970948789
20251203,002881.SZ,美格智能,46.923072814941406,5.296768711967426,-2.9652004926601583
20251203,001203.SZ,大中矿业,29.510032653808594,5.262502738973773,-4.044896017481414
20251204,600828.SH,茂业商业,6.144952774047852,11.714090619768424,1.2742531542875302
20251204,002596.SZ,海南瑞泽,6.660565376281738,5.387985706329346,-3.701809048652649
20251204,000566.SZ,海南海药,8.102581977844238,5.379545673966257,-2.991459759692261
20251204,000547.SZ,航天发展,16.97875213623047,4.408630104952094,1.520009373509601
20251204,603353.SH,和顺石油,36.17172622680664,4.313105503695747,-2.172922415576739
20251205,600734.SH,实达集团,5.747043609619141,10.28561781459767,-9.106431110671288
20251205,002187.SZ,广百股份,7.652400970458984,8.791634809551208,-8.514821467219313
20251205,002759.SZ,天际股份,37.74519348144531,6.970484576049252,-2.6523143253824877
20251205,603353.SH,和顺石油,35.71780776977539,6.504646214571852,0.8934064344926496
20251205,605108.SH,同庆楼,22.629058837890625,6.468517694446851,-4.279891671896641
20251208,000592.SZ,平潭发展,11.846200942993164,7.116426051717517,-3.5001611046763026
20251208,603122.SH,合富中国,25.17104721069336,6.838943820785137,-3.527475850248707
20251208,603353.SH,和顺石油,35.22052764892578,6.711674014611435,-3.0955670526354506
20251208,002474.SZ,榕基软件,10.483837127685547,6.571604798701514,-3.176852949922493
20251208,000566.SZ,海南海药,7.9303364753723145,4.965214647297778,-1.2759159472416126
20251209,603122.SH,合富中国,28.04318618774414,8.099395563702139,-1.7017517701005902
20251209,601696.SH,中银证券,14.485567092895508,6.972379777533533,1.3992291922857225
20251209,002976.SZ,瑞玛精密,27.935487747192383,5.309642395627279,-0.6360964279934489
20251209,000078.SZ,海王生物,5.231728553771973,4.859905020272226,-1.5692306863658745
20251209,002413.SZ,雷科防务,8.979510307312012,4.033831670394217,-1.8127529371710027
20251210,603122.SH,合富中国,26.644771575927734,10.748254524775525,0.31469280532039345
20251210,600693.SH,东百集团,11.92735481262207,6.481783897864002,4.347492343690762
20251210,000632.SZ,三木集团,7.626304626464844,6.06965552871821,-1.1585304853542366
20251210,002836.SZ,新宏泽,17.07378578186035,4.833725600214711,-2.6084731196799327
20251210,600343.SH,航天动力,31.418384552001953,4.478671006283452,-1.7036089596246473
20251211,002830.SZ,名雕股份,20.90848159790039,11.357346711065341,-6.4001782568117385
20251211,603122.SH,合富中国,26.94289207458496,9.2822987546203,-0.4286039260126051
20251211,002702.SZ,海欣食品,10.206132888793945,7.911603534640976,-6.530962098183957
20251211,002792.SZ,通宇通讯,30.565399169921875,7.201622578479272,-3.037390098597892
20251211,600693.SH,东百集团,13.728523254394531,6.592203359116544,-4.824934365799294
20251212,603122.SH,合富中国,25.733964920043945,7.52630505208951,3.5196829792218276
20251212,000547.SZ,航天发展,20.153289794921875,5.792782630449467,-1.9653622015022965
20251212,000572.SZ,海马汽车,9.717842102050781,5.629227469125064,2.9625460833842654
20251212,605368.SH,蓝天燃气,9.086786270141602,5.460630652124432,-3.077834729660678
20251212,601828.SH,美凯龙,2.904867172241211,5.4251825851602264,-5.3635513403390345
20251215,002702.SZ,海欣食品,8.279122352600098,11.455917358398438,-5.8847268520680664
20251215,000078.SZ,海王生物,4.033355236053467,5.872795459402225,-1.7855613330757247
20251215,002596.SZ,海南瑞泽,6.519847869873047,5.472778633684161,-4.851096350623152
20251215,603216.SH,梦天家居,32.72007751464844,4.798573239395654,-2.608398601228923
20251215,002295.SZ,精艺股份,12.674596786499023,4.64635702046825,-1.4889497241867833
20251216,002565.SZ,顺灏股份,16.641048431396484,9.144353014557582,-2.1381636938046844
20251216,603696.SH,安记食品,20.679912567138672,7.493229116248901,-6.056079572560846
20251216,603709.SH,中源家居,21.376224517822266,7.466849364681272,-3.9642599139971813
20251216,601933.SH,永辉超市,5.062409400939941,7.1806142825891595,-3.7753181882423936
20251216,002836.SZ,新宏泽,15.983734130859375,5.111181468364134,-4.896517148608193
20251217,002235.SZ,安妮股份,11.790044784545898,7.985455765683436,-1.6681909561157227
20251217,002702.SZ,海欣食品,8.586628913879395,7.86002727288897,-4.4643716582400295
20251217,000547.SZ,航天发展,22.142276763916016,6.102992913320593,-1.2716094687470703
20251217,600986.SH,浙文互联,7.605977535247803,5.180680751800537,-2.9283377859327553
20251217,603216.SH,梦天家居,34.7458610534668,4.861226948824782,-2.566782994703809
20251218,601933.SH,永辉超市,5.539224147796631,15.258436663886421,-8.468809048039327
20251218,603696.SH,安记食品,21.845813751220703,13.842583264172138,-2.6046314581102727
20251218,000547.SZ,航天发展,21.796850204467773,13.631694730273903,-4.163218535606772
20251218,600828.SH,茂业商业,6.730982303619385,9.850378597483921,-3.731582186908544
20251218,002300.SZ,太阳电缆,12.145483016967773,6.666352104219753,-4.4328704412403
20251219,603696.SH,安记食品,19.691953659057617,18.26678117116294,-3.434109687805176
20251219,000547.SZ,航天发展,21.802398681640625,13.736835115161528,-9.741078529046687
20251219,600343.SH,航天动力,36.13481521606445,7.573543182791087,-6.9933536934525975
20251219,603122.SH,合富中国,29.87588882446289,7.383308550470158,-1.8691185234944285
20251219,603216.SH,梦天家居,33.245262145996094,5.997331442666853,-3.2410345641088023
20251222,601566.SH,九牧王,16.91901397705078,8.272116653208727,1.3350654266186757
20251222,002300.SZ,太阳电缆,10.535006523132324,8.175626288202164,0.0325002509405703
20251222,603122.SH,合富中国,29.53786849975586,8.157089076091339,-4.918614122056475
20251222,603696.SH,安记食品,20.407882690429688,6.4354924872370045,-2.781027024335203
20251222,002103.SZ,广博股份,10.113666534423828,5.767259522089874,-3.1127396084013492
20251223,002682.SZ,龙洲股份,8.358963012695312,10.164423569983484,5.359886980113715
20251223,600343.SH,航天动力,37.32167434692383,8.048058634911337,-2.589246779158527
20251223,603216.SH,梦天家居,35.090965270996094,7.156666346958707,-0.4059127398899687
20251223,002471.SZ,中超控股,5.547863006591797,5.859763430852949,-2.1699582573271092
20251223,002792.SZ,通宇通讯,35.53485107421875,5.673071012807185,-0.07978487217106256
20251224,002682.SZ,龙洲股份,8.283103942871094,14.844554808081668,-3.148671185098051
20251224,603601.SH,再升科技,9.931172370910645,7.7163824678327275,-0.6221717928278192
20251224,002910.SZ,庄园牧场,13.90245246887207,7.242168975492236,-5.384269235758765
20251224,600879.SH,航天电子,16.35271453857422,6.48059547875901,-3.1646434391770395
20251224,002565.SZ,顺灏股份,14.243993759155273,6.250617154844251,1.850616223240098
20251225,002682.SZ,龙洲股份,8.201662063598633,7.65974005591914,-2.102157325813825
20251225,002666.SZ,德联集团,5.885287284851074,6.984668279589368,-4.0026874941564206
20251225,000592.SZ,平潭发展,13.39958381652832,6.321635999177633,-1.1337141269573525
20251225,600730.SH,中国高科,11.534871101379395,6.091183596029759,0.6331646179302819
20251225,603696.SH,安记食品,27.189517974853516,5.998118718465184,-0.4830780483427555
20251226,002759.SZ,天际股份,45.17033386230469,6.8639543321397545,-3.2554422484503798
20251226,002682.SZ,龙洲股份,9.025927543640137,6.80264765673344,-3.60188678284028
20251226,603696.SH,安记食品,28.32852554321289,6.7015162054097965,-3.655206482365436
20251226,000688.SZ,国城矿业,26.285383224487305,4.456387257648009,2.2455319537136864
20251226,000811.SZ,冰轮环境,18.089719772338867,4.358806166537987,0.9757168929310112